saamelaiskäräjät	N	Sametinget
tenolainen	N	tenole
inarinsaame	N	Inari Sable
nimiperhe	N	familie av navn
kotiseutualue	N	lokalt område
saamelaiskulttuuri	N	samisk kultur
pohjoissaame	N	Nord-Sami
etusivu	N	hjemmesiden
saamelaisalue	N	samisk region
saamelaisnuori	N	samisk ungdom
erämaa-alue	N	villmarksområde
paliskunta	N	slynge
koltansaame	N	colt
saamelaiskulttuurikeskus	N	det samiske kultursenteret
lisätieto	N	tilleggsinformasjon
klo	N	på
saamelaismuseo	N	samisk museum
määriteosaselitys	N	attributtdefinisjon
toimeenpano	N	henrettelse
kanna	N	hæl
yleissopimus	N	konvensjon
taidetapahtuma	N	kunsthendelse
sähköpostiosoite	N	e-postadresse
sähköpostiosoite	N	e-postadresse
nuorisoneuvosto	N	ungdomsråd
sosiaali-	N	sosialt
kielilaki	N	språklov
käyttösuunnitelma	N	plan for bruk
mukaelmasuomennos	N	koselig utseende
oppimateriaali	N	pedagogisk materiale
koulutuskeskus	N	treningssenter
saamelaissopimus	N	samisk konvensjon
yhteystiedot	N	kontaktinformasjon
luontaiselinkeino	N	naturlig industri
virkistyskäyttö	N	rekreasjonsbruk
maankäyttö	N	arealbruk
koltta	N	scab
biodiversiteettisopimus	N	biodiversitetsavtale
da	N	da
velvoite	N	forpliktelse
deminutiivimuoto	N	diminutiv form
ratifiointi	N	ratifisering
saamelaiskäräjälaki	N	den samiske loven
luontokeskus	N	naturssenter
saamelaisopetus	N	samisk utdanning
169-sopimus	N	169-avtale
ympäristöministeriö	N	Miljøverndepartementet
määriteosa	N	smøremiddel
luontomatkailu	N	naturturisme
luontotyyppi	N	habitat
resurssit	N	ressurser
inarin-	N	inari
kolttasaamelainen	N	kranisk samisk
maastoliikenne	N	off-road
hallitusohjelma	N	regjeringsprogram
perusosa	N	grunnleggende del
osapuolikokous	N	festmøte
toimintaohjelma	N	handlingsprogram
saamelaislapsi	N	samisk barn
saamelaiselinkeino	N	samisk industri
soidensuojelualue	N	myrbeskyttet område
valtionavustus	N	statsstøtte
linjaus	N	justering
saamelaismusiikki	N	samisk musikk
pohjois	N	nord
yhteistyöryhmä	N	samarbeidspartner
yhteistyöryhmä	N	samarbeidspartner
saamenkieli	N	samisk
saamelaisyhteisö	N	samisk samfunn
peruspalkka	N	grunnlønnen
kielipesä	N	språknest
sopimusvaltio	N	kontraherende stat
saamelaisasia	N	samisk ting
työpaja	N	verksted
kulttuuriministeriö	N	Kulturdepartementet
päivähoito	N	barnehage
saamelaisuus	N	samisk
vaaliluettelo	N	valgliste
kulttuuri-itsehallinto	N	kulturell selvstyre
saamelaisväestö	N	samisk befolkning
eteläpää	N	sørenden
toimija	N	skuespiller
haastateltu	N	intervjuet
genetiivimuoto	N	genetisk form
varhaiskasvatus	N	tidlig barndomsutdanning
hallintopäällikkö	N	administreringsansvarlig
opastus	N	guide
kämppä	N	hytte
alkuperäiskansajulistus	N	originalerklæring
autiotupa	N	øde hytte
saamelaismusiikkikeskus	N	samisk musikk senter
palkintolautakunta	N	jury
retkeily	N	fotturer
vähemmistökieli	N	minoritetsspråk
matkapuhelinnumero	N	mobilnummer
matkapuhelinnumero	N	mobilnummer
sidosryhmä	N	interessent
kielineuvosto	N	språkråd
toimipaikka	N	forretningssted
matkapuhelinhinnoittelu	N	mobiltelefon prissetting
lankapuhelin	N	fasttelefon
kokoustila	N	møterom
palkkaus	N	lønn
oy	N	oy
avajaiset	N	åpningsseremonien
oppimateriaalitoimisto	N	læringsmateriale byrå
työkirja	N	arbeidsbok
poronhoitaja	N	reinherder
määräraha	N	bevilling
maisemayleissopimus	N	landskapskonvensjon
pohjoispää	N	den nordlige enden
nuora	N	ungt
arkkitehtuurikilpailu	N	arkitektonisk konkurranse
talousarvio	N	budsjett
neuvottelukunta	N	rådgivende styre
laadinta	N	Det har blitt utarbeidet
asiantuntijatyöryhmä	N	ekspertgruppe
paikko	N	sted
kieliyhteistyö	N	språklig samarbeid
ympäristökeskus	N	miljøsenter
nuorisosihteeri	N	ungdomssekretær
saamelaismääritelmä	N	samisk definisjon
n:o	N	nei
metsätalousministeriö	N	skogsdepartementet
kyläkokous	N	bymøte
kalastusoikeus	N	fiske rett
pikku	N	lite
ohjausryhmä	N	styringsgruppe
suunnittelualue	N	planleggingsområde
loppuraportti	N	den endelige rapporten
lastenkulttuurikeskus	N	barns kulturssenter
luontopalvelu	N	naturservice
yhdysosalyhentymä	N	union helbredelse
palkkausjärjestelmä	N	betalingssystem
resurssikeskus	N	ressursenter
elokuvakeskus	N	filmsenter
maastoliikennelupa	N	off-road lisens
maastoliikennelupa	N	off-road lisens
vaativuustaso	N	etterspørselsnivået
puite	N	tre
koillispuoli	N	nordøst
sosiaaliala	N	sosial sektor
saamelaisjärjestö	N	samisk organisasjon
luonnonkäyttö	N	naturlig bruk
välinen	N	mellom
keräily	N	Den samler inn
esite	N	brosjyre
työjärjestys	N	forretningsordenen
saamelaisporonhoito	N	samisk borepleie
saamelaisporonhoito	N	samisk borepleie
nro	N	nei
kulttuurilautakunta	N	kulturelt styre
biodiversiteettistrategia	N	biologisk mangfoldsstrategi
täytäntöönpano	N	implementering
oppimateriaalityö	N	læringsmaterialearbeid
kuvaraito	N	bilde spor
ihmisoikeuskomitea	N	menneskerettighetsutvalget
kelpoisuusvaatimus	N	krav til kvalifikasjon
kaakkoispuoli	N	sørøst
toimielin	N	institusjon
kielipesätoiminta	N	språklig nesting aktivitet
saamelaisyhdistys	N	samisk forening
retkeilijä	N	turist
saamelaisparlamentaarikko	N	samisk parlamentariker
olosuhteet	N	forholdene
saamenmaa	N	samisk
musiikkitapahtuma	N	musikkbegivenhet
erityisraportoija	N	spesialordfører
saatava	N	Det må være mottatt
käräjä	N	distrikt
terminologia	N	terminologi
maakuntakaava	N	provinsplan
kuvi	N	bilde
tervehdys	N	hilsen
kieliteko	N	språkprøve
osaamiskeskus	N	kompetansesenter
oppimateriaalilautakunta	N	læringsmateriell
perustuslakivaliokunta	N	konstitusjonskomiteen
luontodirektiivi	N	habitatdirektivet
tuva	N	nært
toteutuma	N	realitet
polttopuu	N	ved
elvyttämisohjelma	N	gjenopprettingsprogram
aukioloaika	N	åpningstider
anne	N	talent
kullankaivu	N	gullgrave
kielitaito	N	språkferdighet
kielenkääntäjä	N	oversetter
kielipalkinto	N	språkpris
periaatepäätös	N	prinsippavgjørelse
taita	N	brett
muinaisjäännös	N	gammel rest
johdos	N	avledet
mietintö	N	rapporten
markkinat	N	marked
käyttömuoto	N	form for bruk
museovirasto	N	Antikvitetsstyret
nykytila	N	toppmoderne
kokemuslisä	N	ekstra opplevelse
karttalehti	N	brikke
saamelaiskäräjävaali	N	Sametinget
maaoikeus	N	land lov
vähemmistövaltuutettu	N	minoritetsombudsmann
luonnonvarasuunnitelma	N	ressursplan
lumisalmi	N	snøfall
delegaatio	N	delegasjon
ohjeistus	N	veiledning
nettiosoite	N	webadresse
kulttuurimääräraha	N	kulturell penger
kaavoitus	N	sonering
uutiset	N	nyheten
toimintamalli	N	driftsmodell
projektityöntekijä	N	prosjektarbeider
kalastusalue	N	fiskeområde
oikeuslautakunta	N	rettslig panel
lounaispuoli	N	sørvest
esittelijä	N	ordføreren
elinkeinotoiminta	N	forretninger
biodiversiteettityöryhmä	N	arbeidsgruppe for biologisk mangfold
-metri	N	meter
selonteko	N	rapport
saamelaiskokoelma	N	samisk samling
tarinaperinne	N	historitradisjon
projektipäällikkö	N	prosjektleder
nimikilpailu	N	konkurranse om navn
maantieto	N	vei
shop	N	butikk
saamelaisarkisto	N	samisk arkiv
matkailuyrittäjä	N	turist entreprenør
vasatokka	N	Vasatokka
valtionraja	N	statsgrense
metsähallitus	N	Metsähallitus
luoteispuoli	N	nordvest
live	N	live
kuntalainen	N	kommunal
jorma	N	Jorma
vasatoka	N	ironwork
vaikutusmahdollisuus	N	mulighet til å påvirke
pitämä	N	holdt
valtakunnanraja	N	nasjonal grense
1900-luku	N	
nähtävä	N	
luontoilta	N	
lakimiessihteeri	N	
kalakanta	N	
1990-luku	N	
maakäräjät	N	
koulutustarjonta	N	
kalavesi	N	
valtionmaa	N	
opinpolku	N	
elvytysohjelma	N	
ihmisoikeussopimus	N	
edunvalvonta	N	
tupi	N	
1800-luku	N	
navigointi	N	
mediakuvapankki	N	
matkanjärjestäjä	N	
lintuviikko	N	
lintuhetki	N	
kuvateos	N	
kesätyöpaikka	N	
100-vuotias	N	
syrjävyöhyke	N	
puusto	N	
koltta-alue	N	
1970-luku	N	
parlamenttisali	N	
kehittämissuunnitelma	N	
eteläsaame	N	
biodiversiteetti	N	
yhdenvertaisuus	N	
paikallisyhteisö	N	
luki	N	
innovaatio	N	
inarilainen	N	
heimokansa	N	
valtakulttuuri	N	
hakkuu	N	
yksityismaa	N	
seppo	N	
saamenkäsityö	N	
päätavoite	N	
klubi-ilta	N	
saamelaispolitiikka	N	
perusoikeus	N	
jatkoneuvottelu	N	
aluehallintovirasto	N	
aluehallintovirasto	N	
tulkkaus	N	
porosaamelainen	N	
parlamentaarikko	N	
kehittämishanke	N	
erämaaluonne	N	
saamenpuku	N	
saamelaiskäräjäjäsen	N	
otto	N	
nasta	N	
kullankaivaja	N	
de	N	
alueidenkäyttö	N	
virkistysvyöhyke	N	
saamelaisvaltuuskunta	N	
saamelaisvaltuuskunta	N	
maisema-alue	N	
saamelaisnainen	N	
saamelaisyksikkö	N	
peruskirja	N	
opetuskieli	N	
kunnas	N	
vanhustyö	N	
kulttuurisihteeri	N	
perinnäistapa	N	
luonnontilaisuus	N	
kulkija	N	
kielikeskus	N	
esirukous	N	
metsämaa	N	
käyttöoikeussopimus	N	
kieliturvasihteeri	N	
kalastuslupa	N	
saamelaiselokuva	N	
saamelaiselokuva	N	
kulttuurimuoto	N	
valtiosopimus	N	
mesta	N	
maa-aines	N	
kulku-ura	N	
indikaattori	N	
ä	N	
varaedustaja	N	
tunturialue	N	
tulipaikka	N	
perinnetieto	N	
mukaelma	N	
kuukautinen	N	
jatkuvuus	N	
asiantuntijajäsen	N	
oheistapahtuma	N	
kutsuttu	N	
kielikylpy	N	
elinolo	N	
-omaisuus	N	
taikalamppu	N	
pääsali	N	
perusselvitys	N	
moottorikelkkailu	N	
jänkä	N	
joikaaja	N	
elinvoimaisuus	N	
alkuperäiskansaoikeus	N	
yhteiskokous	N	
toimipiste	N	
terveyslautakunta	N	
moottorivene	N	
metsäsertifiointikriteeri	N	
maankäyttömuoto	N	
kirkkopäivät	N	
erämaaalue	N	
kulttuuri-ilmaus	N	
kulttuuriavustus	N	
kui	N	
järjestyssääntö	N	
vuopaja	N	
tokka	N	
monitoimisali	N	
metsätalousalue	N	
metsätalousalue	N	
maakäräjäkunta	N	
maakäräjäkunta	N	
joikuperinne	N	
hallintomalli	N	
alkuperäis-	N	
saamelaiskylä	N	
puheenjohtajuus	N	
poismuutto	N	
palvelurakenne	N	
mönkijä	N	
asiantuntemus	N	
poronhoitotyö	N	
määrite	N	
kolttaneuvosto	N	
alunen	N	
yhdenvertaisuussuunnitelma	N	
tuotos	N	
terveysministeriö	N	
saamelaistaide	N	
riistanhoitoyhdistys	N	
pohjoissaamelainen	N	
peräpohjola	N	
palvelupiste	N	
paikannimistö	N	
nimiehdotus	N	
leu	N	
ž	N	
toimintaperiaate	N	
suojelualueverkosto	N	
sopimuspuoli	N	
geenivara	N	
yhteistyökumppani	N	
yhteenkuuluvuus	N	
varhaiskasvatussuunnitelma	N	
tunturikoivikko	N	
toimistosihteeri	N	
terveinen	N	
sävelmäsarja	N	
sairaanhoito	N	
saamelaiskirjasto	N	
perustamishanke	N	
opaste	N	
luonnonresurssit	N	
luonnonresurssi	N	
työjärjestö	N	
terveyssihteeri	N	
sopimusosapuoli	N	
sitoumus	N	
pääteema	N	
pyyntikuoppa	N	
opinnot	N	
länsilaita	N	
lapinkylä	N	
käsityöntekijä	N	
käsityöntekijä	N	
harjoittamisedellytys	N	
elokuvafestivaali	N	
aktiomuoto	N	
yle	N	
vyöhykejako	N	
toimintaedellytys	N	
saamelaisartisti	N	
poroisäntä	N	
pohjukka	N	
o	N	
2000-luku	N	
uhkatekijä	N	
tasa	N	
saamelaisparlamentti	N	
rasite	N	
nimiselitys	N	
luokki	N	
koulutusasia	N	
kirjaus	N	
kielioikeus	N	
kielilautakunta	N	
hallinnonala	N	
elämänmuoto	N	
1980-luku	N	
1960-luku	N	
vuokratupa	N	
terveiset	N	
suunnitteluprosessi	N	
sopimusluonnos	N	
saamelaiskäräjävaalea	N	
luovutus	N	
luontotupa	N	
kokouspäätös	N	
kaivospiiri	N	
isovanhemmat	N	
tutkimustoiminta	N	
oppilasmäärä	N	
lastenohjelma	N	
kammi	N	
info	N	
erityistoimenpide	N	
deminutiivi	N	
ylitarkastaja	N	
voimavarat	N	
valtiovarainministeriö	N	
taitaja	N	
päämessu	N	
puheenjohtajisto	N	
palveluvarustus	N	
nettilehti	N	
inarinsaamenkieli	N	
huolenaihe	N	
verkkokauppa	N	
puhuttava	N	
kulttuuriarvo	N	
koltankieli	N	
kanjoni	N	
julkilausuma	N	
erämaasuunnitelma	N	
varaustupa	N	
vaikuttavuus	N	
terminologiatyö	N	
palvelussuhde	N	
oppimateriaalituotanto	N	
kalastonhoitomaksu	N	
esiselvityshanke	N	
aspekti	N	
yhteydenpito	N	
vuo	N	
tiehallinto	N	
saamelaiskieli	N	
rajavartiosto	N	
lähikuva	N	
koulutussihteeri	N	
kotikunta	N	
kansanryhmä	N	
iglu	N	
hobby	N	
attribuuttimuoto	N	
ansapyynti	N	
uudistila	N	
sopimusteksti	N	
sijaisuus	N	
normitus	N	
luontosuhde	N	
luonnontila	N	
käsityöperinne	N	
kehittämistyö	N	
kehittämispäivä	N	
istunto	N	
hoitosuunnitelma	N	
erityiskohtelu	N	
tulenteko	N	
painopistealue	N	
monikkomuoto	N	
kielijaosto	N	
kalatalousneuvottelukunta	N	
erotusaita	N	
edistämiskeskus	N	
asiointi	N	
18-vuotias	N	
suojelusopimus	N	
riistakanta	N	
porolaidun	N	
perinnetalo	N	
malminetsintä	N	
luoma	N	
kuultava	N	
kotitarvekalastus	N	
erävalvonta	N	
elinkeinoministeriö	N	
siunaus	N	
saamelaisryhmä	N	
saamelaisradio	N	
ruokailu	N	
rotusyrjintäkomitea	N	
poroaita	N	
osayleiskaava	N	
maaoikeuskysymys	N	
lajisto	N	
kultahovi	N	
erämaasuunnittelu	N	
virkistyskäyttäjä	N	
toiminta-avustus	N	
teatteriesitys	N	
tapahtumapalvelu	N	
saamelaisneuvosto	N	
potilaslautakunta	N	
poronhoitotyö	N	
pahta	N	
nuorisoelin	N	
lakiesitys	N	
koulutushanke	N	
koiravaljakkotoiminta	N	
karsi	N	
juhlavuosi	N	
itseidentifikaatio	N	
istuinpaikka	N	
ilo-sopimus	N	
ihmisoikeusvaltuutettu	N	
ihmisoikeuselin	N	
ulkomuseo	N	
toimintaperiaate	N	
suurpeto	N	
saamelaistaiteilija	N	
musiikkifestivaali	N	
meänkieli	N	
metsänhakkuu	N	
marjastus	N	
lähihoitaja	N	
luontopolku	N	
kielikylpyopetus	N	
kielitoimisto	N	
hallintotehtävä	N	
alueidenkäyttötavoite	N	
työohjelma	N	
tutkittava	N	
suunnittelukilpailu	N	
päättäjä	N	
matkailukeskus	N	
maori	N	
lintudirektiivi	N	
käännöspalvelu	N	
kokonaisuudistus	N	
koillispää	N	
kiitosateria	N	
kevätkirja	N	
kertomaperinne	N	
esiopetus	N	
erätalous	N	
asiakaspalvelu	N	
viransijaisuus	N	
veikko	N	
tokkakunta	N	
tiu	N	
tasa-arvovaltuutettu	N	
rakentaminen	N	
pohjoissatenolainen	N	
pohjoistenolainen	N	
opetustoimi	N	
oheismateriaali	N	
nykytilanne	N	
nuorisolautakunta	N	
länsipää	N	
käytänne	N	
kulttuuriperintökohde	N	
kulttuurimuistomerkki	N	
kalasto	N	
itäpää	N	
elvyttäminen	N	
valtiosihteeri	N	
toimintaympäristö	N	
talvilaidun	N	
sanajumalanpalvelus	N	
saamentutkimus	N	
saamelaisyhteiskunta	N	
ryhmäperhepäiväkoti	N	
retkeilyreitti	N	
puiteyleissopimus	N	
oikeusturva	N	
moninaisuus	N	
metsäntutkimuslaitos	N	
metsäntutkimuslaitos	N	
matkailupalvelu	N	
koivikko	N	
hoitohenkilöstö	N	
alkuopetus	N	
väestötietojärjestelmä	N	
virkasuhde	N	
tilinpäätös	N	
tiivistelmä	N	
terveysala	N	
tau	N	
taival	N	
rotusyrjintä	N	
paneeli	N	
omaleimaisuus	N	
neuvotteluvelvoite	N	
lausuja	N	
lappi-työryhmä	N	
kävijämäärä	N	
kulttuuri-ilta	N	
kotikieli	N	
kolttakulttuurikeskus	N	
kolttakulttuurisäätiö	N	
kirjekuori	N	
kartoitus	N	
alkuperäiskansavieras	N	
vaeltaja	N	
uudisnimi	N	
työryhmäedustus	N	
toimeksianto	N	
talvipaikka	N	
retkeilyalue	N	
rajatyöntekijä	N	
poromäärä	N	
poroelinkeino	N	
osakaskunta	N	
opetusryhmä	N	
ohjelmapalveluyrittäjä	N	
nautinta-alue	N	
ministerikomitea	N	
lipunmyynti	N	
kokoustarjoilu	N	
kieliteko-palkinto	N	
harjus	N	
asuma	N	
ympäristösihteeri	N	
työmenetelmä	N	
tuomas	N	
saamelaistaitee	N	
ratifiointiprosessi	N	
pääväestö	N	
päätoimipaikka	N	
päätehtävä	N	
päätoimipaikka	N	
painoarvo	N	
metsästyslupa	N	
luonnonarvo	N	
lisärahoitus	N	
kokonaismäärä	N	
kokonaisbudjetti	N	
itälaita	N	
hiivatulehdus	N	
hallitusneuvottelut	N	
erityistoimi	N	
arviointikomitea	N	
yhteydenotto	N	
valvontaelin	N	
työmarkkinat	N	
riistanhoito	N	
päätapahtuma	N	
palveluyksikkö	N	
musiikkityöpaja	N	
maanomistus	N	
maailmankongressi	N	
loppupäätelmä	N	
liikelaitos	N	
katsominen	N	
katsaus	N	
kalatalous	N	
juhlat	N	
etusija	N	
esityslista	N	
erityisoikeus	N	
aluetalous	N	
alkuperäiskansa-asema	N	
yhteiskuntasitoumus	N	
yhteisesitys	N	
toimenpideohjelma	N	
tilintarkastaja	N	
syrjintäkielto	N	
suurkustannussuoja	N	
rajankävijä	N	
peski	N	
nuorisovastaanotto	N	
nautinta	N	
majoitus	N	
maastoliikenneura	N	
lähikylä	N	
luonnonmaisema	N	
lounaispää	N	
kulta-alue	N	
johdantosana	N	
hallinnointi	N	
direktiivi	N	
š	N	
varhaiskasvatuspalvelu	N	
shoppi	N	
ohjelmapalvelu	N	
musiikkiesitys	N	
ministerineuvosto	N	
markkinointipäällikkö	N	
maisemanhoito	N	
kävijätutkimus	N	
kulttuuriympäristöyksikkö	N	
henkilöstökoulutus	N	
hammashuolto	N	
hallintoviranomainen	N	
etäopetus	N	
ulkoasianministeriö	N	
tapahtumatalo	N	
sosiaalihuolto	N	
sari	N	
saamelaiskonferenssi	N	
saamelaiskirjaus	N	
saamelaiskirjauksi	N	
risku	N	
pääesiintyjä	N	
poronomistaja	N	
mitoitus	N	
maastoajoneuvo	N	
maaraportti	N	
käyttäjäryhmä	N	
koskemattomuus	N	
katsomo	N	
katselmus	N	
julkistamistilaisuus	N	
ihmisoikeuspolitiikka	N	
ihmisoikeusneuvosto	N	
eliölaji	N	
avustushakemus	N	
ympäristöasia	N	
tutkimustieto	N	
tasa-arvolautakunta	N	
säilyminen	N	
suvaitsevaisuus	N	
raportointi	N	
pääkäyttäjä	N	
ortografia	N	
lämpiö	N	
lähiaika	N	
lohikanta	N	
laita	N	
käsityöpaja	N	
käsityöpaja	N	
kunniamaininta	N	
kulttuuriohjelmapankki	N	
kulkureitti	N	
koulutuspäivä	N	
kolttalaulu	N	
esitysluonnos	N	
autio-	N	
äänestyskortti	N	
yhteistila	N	
vesilintu	N	
valtionhallinto	N	
valmistuspaikka	N	
vaikutustenarviointi	N	
työtoiminta	N	
tunturikangas	N	
sara	N	
sairaanhoitopiiri	N	
saamelaislukio	N	
pääkonsertti	N	
pohjois-koillinen	N	
peruskivi	N	
peru	N	
pekka	N	
nuorisotyö	N	
monikielisyys	N	
lupapolitiikka	N	
lukukirja	N	
layout	N	
käyttöarvo	N	
koulutyö	N	
kilpailuehdotus	N	
kerto	N	
kanslia	N	
kansalais-	N	
juhlallisuus	N	
jatkovalmistelu	N	
international	N	
hyvinvointipalvelu	N	
edistysaskel	N	
asiantuntijaryhmä	N	
alkuperäiskansayhteisö	N	
yhteisöjärjestelmä	N	
van	N	
uutisointi	N	
toteuttaja	N	
suurtunturialue	N	
rajavartiolaitos	N	
puhelinkokous	N	
perinnebiotooppi	N	
opetushallitus	N	
neuvotteluvaltuuskunta	N	
musiikkiperinne	N	
maisemapolitiikka	N	
luottamushenkilö	N	
luontotuva	N	
linnusto	N	
kävijäennätys	N	
kuvittaja	N	
kuvasanakirja	N	
kuuluvuus	N	
kulttuurituki	N	
kirkkoniemi	N	
kirjastotoimi	N	
kehittämistarve	N	
kantelu	N	
itsehallintoelin	N	
itsehallintoelin	N	
harjannostajaiset	N	
edustavuus	N	
anteeksipyyntö	N	
anniskeluoikeus	N	
1950-luku	N	
toiminnanohjaaja	N	
tiedonvälitys	N	
syyslukukausi	N	
solunäyte	N	
solumuutos	N	
seutukaava	N	
saamelaisoppilas	N	
riistanhoitopiiri	N	
rajoitusvyöhyke	N	
päävuokralainen	N	
porovuo	N	
parlamenttitalo	N	
paimennus	N	
oheispalvelu	N	
monikulttuurisuus	N	
malja	N	
luontaiselinkeinonharjoittaja	N	
luonnonsuojelujulkaisu	N	
luonnonympäristö	N	
kuulema	N	
kustannusvaikutus	N	
kulttuuritoimi	N	
koordinaattori	N	
kokouspaketti	N	
kilpailuaika	N	
kielenelvytysohjelma	N	
kevätjuhla	N	
hautaus	N	
esivanhempi	N	
erityistehtävä	N	
ekosysteemi	N	
dataprojektori	N	
asiakaspalvelupiste	N	
asiakaspalvelupiste	N	
ammattitaito	N	
1700-luku	N	
vihapuhe	N	
vetoomus	N	
työkieli	N	
toimenpide-ehdotus	N	
tilavuokraus	N	
taukopaikka	N	
tasa-arvosuunnitelma	N	
suopunki	N	
suonikylä	N	
soga	N	
saamelaisperhe	N	
rakennusperintö	N	
rajavartioasema	N	
projektisihteeri	N	
perustamistarkoitus	N	
nykytaso	N	
mäntymetsä	N	
loppuasiakirja	N	
lisäpöytäkirja	N	
laatujärjestelmä	N	
kyläyhdistys	N	
kylätyöntekijä	N	
korkea-aste	N	
kirkkokäsikirja	N	
kielikylpymenetelmä	N	
kielikylpykerhotoiminta	N	
kesäkausi	N	
kenkäheinä	N	
juhlakonsertti	N	
ikäryhmä	N	
enontekiöläinen	N	
eloporo	N	
asuste	N	
asiakokonaisuus	N	
ympäristöterveydenhuolto	N	
ympäristöhallinto	N	
virkavapaus	N	
velinen	N	
vastuuprosessi	N	
vainolainen	N	
vaativuustasa	N	
uumajansaame	N	
urheiluministeri	N	
uhanalaisuus	N	
työryhmätyöskentely	N	
työryhmätyöskentely	N	
työmalli	N	
tutkimuslupa	N	
toimenpide-esitys	N	
suuhygienisti	N	
selvitystyö	N	
saamelaiskäsityö	N	
räppi	N	
rakennushanke	N	
rajaus	N	
päätöksentekoprosessi	N	
poroerotuspaikka	N	
pelisääntö	N	
paljakka	N	
pakkoteurastus	N	
opetustila	N	
oikeussubjekti	N	
mönkijäura	N	
musiikkiseminaari	N	
mukaelmasuo	N	
mediatarjonta	N	
maitovalas	N	
luusuka	N	
lupaehto	N	
luontoarvo	N	
leiripaikka	N	
lauantai-ilta	N	
käräjäjäsen	N	
kuntayhtymä	N	
koeaika	N	
kesäpaikka	N	
hallintaoikeus	N	
elinehto	N	
asianosaiset	N	
asianosainen	N	
alkuperäiskansa-asia	N	
1600-luku	N	
yritystoiminta	N	
yleiskommentti	N	
x	N	
virkistyskalastus	N	
vesioikeus	N	
verkkoopetus	N	
varhaiskasvatushenkilöstö	N	
varausehto	N	
utsjokelainen	N	
tulkkauskoppi	N	
tulipaikko	N	
tiehanke	N	
talviaika	N	
taitto	N	
syyskirja	N	
suvaitsemattomuus	N	
studiotila	N	
sinikka	N	
saamelaismuseosäätiö	N	
ratifiointiedellytys	N	
pääkieli	N	
par	N	
oppitunti	N	
oppimateriaalisihteeri	N	
musiikkikeskus	N	
monitoimi	N	
ministerikokous	N	
materiaalityö	N	
maisemanhoitoalue	N	
lisättävä	N	
lapsiasiavaltuutettu	N	
laitoshuoltaja	N	
kumppanuus	N	
kulttuuriryhmä	N	
koristelu	N	
kielenvaihto	N	
kalastuksenhoitomaksu	N	
kaksi-	N	
jukka	N	
fläppitaulu	N	
erityisasema	N	
ekosysteemipalvelu	N	
cd	N	
alkuperäiskansasopimus	N	
alkuperäiskansaraportoija	N	
yhteistyötaho	N	
valmiste	N	
uudisasutus	N	
tyytyväisyys	N	
tiedotustoiminta	N	
terveystieto	N	
tavoitevuo	N	
tarkennus	N	
tapahtumapäivä	N	
saamelaiskysymys	N	
puukko	N	
porotokka	N	
peruspalvelu	N	
pargokirje	N	
ostopalvelu	N	
organisointi	N	
oppimateriaalimääräraha	N	
oppikirjasarja	N	
oppikirjasarja	N	
opastustoiminta	N	
nautintaoikeus	N	
muuraustilaisuus	N	
metsäsertifiointi	N	
maari	N	
lähitulevaisuus	N	
luulajan-	N	
luonnonolosuhde	N	
luonnonolosuhteet	N	
luonnonolosuhde	N	
lemmenjokilaakso	N	
laidunkierto	N	
kustannuskatto	N	
kouluopetus	N	
kolttakenttä	N	
kieliasiainsihteeri	N	
kevätlukukausi	N	
kehittymä	N	
kaarre	N	
itäsaamelainen	N	
internetlähetys	N	
harjoituskirja	N	
ga	N	
erätarkastaja	N	
erityistavoite	N	
elinolosuhde	N	
budjettivuosi	N	
avajaispuhe	N	
av-teknikko	N	
asuma-alue	N	
asuinkenttä	N	
anti	N	
a	N	
1500-luku	N	
ydinvyöhyke	N	
videostudio	N	
verta	N	
vaikuttamismahdollisuus	N	
täydennyskoulutus	N	
työtodistus	N	
tuulivoimala	N	
tunturiylänkö	N	
toimitilahuoltaja	N	
tanssiryhmä	N	
tanssiperinne	N	
talvikylä	N	
sopusointu	N	
soidinpaikka	N	
saamelaiskäräjäkausi	N	
saamelaisyö	N	
reunaehto	N	
päätarkoitus	N	
päärahoittaja	N	
pääjärjestäjä	N	
ponnistelu	N	
pohjois-luode	N	
pohjakuva	N	
pilleri	N	
perinnemaisema	N	
panoraamakuvi	N	
panoraamakuva	N	
oppilasryhmä	N	
opetusohjelma	N	
mohawk	N	
maastoura	N	
maanomistusoikeus	N	
liittymissopimus	N	
kärkitavoite	N	
kunnallishallinto	N	
kolttasaamelaiskulttuuri	N	
kolttasaamelaiskulttuuri	N	
kolttasaamelaiskulttuuri	N	
kilpailutyö	N	
keskiö	N	
kerttu	N	
kera	N	
katekeetta	N	
kaivosviranomainen	N	
järjestäytymiskokous	N	
istuinrivi	N	
isovanhempi	N	
eteläsaamelainen	N	
erityistarve	N	
epä	N	
ennakkosuostumus	N	
ehkäisypilleri	N	
dearpa	N	
asiantuntijakomitea	N	
1930-luku	N	
ylistys	N	
yleisötilaisuus	N	
yhteislista	N	
ydinalue	N	
vähemmistöpuitesopimus	N	
vuokratuva	N	
vuokrakämppä	N	
virkistyskävijä	N	
valtionosuusjärjestelmä	N	
toimenkuva	N	
sukualue	N	
selite	N	
saamelaiskäräjälakityöryhmä	N	
saamelais-	N	
saamelaiskäsityö	N	
saamelaiskansa	N	
ritva	N	
rio	N	
rakenneuudistus	N	
rajayhteistyö	N	
poronhoito-oikeus	N	
pohjoiskalotti	N	
paikkatietojärjestelmä	N	
metsäsertifiointityöryhmä	N	
luonnonhoito	N	
loppuviikko	N	
käsikirja	N	
kyselylomake	N	
kulkuyhteys	N	
kokoussali	N	
kielenkäyttöympäristö	N	
kehittämisrakenne	N	
kapeikko	N	
johtoryhmä	N	
iltakoulu	N	
huoltotupa	N	
hlö	N	
haastateltava	N	
erälupa	N	
entisaika	N	
ehtoollisrukous	N	
ehdokasasettelu	N	
budjettiehdotus	N	
alustus	N	
aluejohtaja	N	
alkuperäiskansakulttuuri	N	
aamen	N	
15-17-vuotias	N	
yrjö	N	
yleiskaava	N	
virkamieselin	N	
vanhustenhuolto	N	
työväline	N	
työkalupakki	N	
taustamateriaali	N	
taidetoimikunta	N	
syrjimättömyys	N	
soidensuojeluasetus	N	
saamelaistyö	N	
saamelaisteatteri	N	
saamelaisministeri	N	
saamelaiselokuvi	N	
reitistö	N	
putous	N	
puhelinvaihde	N	
perustehtävä	N	
paneeliverho	N	
osallistumis-	N	
osallistumisoikeus	N	
osaamiskeskittymä	N	
opiskeluvihko	N	
oikaisuvaatimus	N	
ohjelmatarjonta	N	
näkemä	N	
museonjohtaja	N	
muinaisusko	N	
metsätaloustoiminta	N	
maakuntaohjelma	N	
länsi-luode	N	
lähivuosi	N	
luonnonvarasuunnittelu	N	
lukiolainen	N	
lastenkulttuuri	N	
käyttäjäorganisaatio	N	
käsityötaito	N	
kullanhuuhdonta	N	
kielikaltio	N	
kielenelvytys	N	
kalastusperinne	N	
julkaisutuki	N	
jeesus	N	
itä-kaakko	N	
facebook	N	
etelä-lounas	N	
elvytyshanke	N	
elokuvantekijä	N	
elinmahdollisuus	N	
avajaistilaisuus	N	
arviointiprosessi	N	
ammattikalastaja	N	
aluekehitysrahasto	N	
alku-hanke	N	
18-25-vuotias	N	
yleis-	N	
vetäjä	N	
valittaja	N	
vaellusreitti	N	
ulkomuseoalue	N	
ulkoalue	N	
tähtäin	N	
työpajatyöskentelypäivä	N	
tulentekopaikka	N	
tulentekopaikka	N	
tule	N	
toiminnanjohtaja	N	
toimenpidesuunnitelma	N	
tiedonanto	N	
säestäjä	N	
suomenkieli	N	
suojelutavoite	N	
saamelaiskokous	N	
rannikkovesi	N	
pyyntikulttuuri	N	
projektiavustus	N	
perustamispäivä	N	
peruskorjaus	N	
perintötieto	N	
paikalliskulttuuri	N	
osalyhentymä	N	
opaskirja	N	
oikeusaputoimisto	N	
mon	N	
ministerityöryhmä	N	
ministeriryhmä	N	
metsätalousvaliokunta	N	
metsätalousvaliokunta	N	
metsäsertifiointijärjestelmä	N	
melontareitti	N	
maisema-arvo	N	
maisemakartasto	N	
maisemahavaintoasema	N	
maailmankonferenssi	N	
lämpiötila	N	
lähettämissana	N	
luonnonhoitoalue	N	
leivonnainen	N	
laes	N	
kyläläinen	N	
kulkuoikeus	N	
kotasija	N	
kiitosrukous	N	
keruu	N	
kehittämisohjelma	N	
kehittämismahdollisuus	N	
kansantietous	N	
kannustus	N	
julistusluonnos	N	
hoitotakuu	N	
hoidettu	N	
hautausjumalanpalvelus	N	
hankesuunnitelma	N	
hakulomake	N	
erämaaluonto	N	
ensemble	N	
eläkelaitos	N	
di	N	
budjettiesitys	N	
arvomaailma	N	
alkuperäiskansakieli	N	
2020-hanke	N	
äänenkäyttö	N	
yrittäjyys	N	
virkavapaa	N	
verkkosivusto	N	
verenvuoto	N	
veneilytukikohta	N	
vastaisuus	N	
vasanmerkitys	N	
valtiopäivämies	N	
vakuutuskassa	N	
tuulipuisto	N	
tutkimushanke	N	
tuomaristo	N	
tulosalue	N	
taustamuistio	N	
tarkoitusperä	N	
tanssimatto	N	
tallenne	N	
suunnitelmaluonnos	N	
suunnitelmakausi	N	
suojametsäalue	N	
strategi	N	
sivistystoimi	N	
silla	N	
siirtoistutus	N	
siikaistutus	N	
seksitauti	N	
satokangas	N	
sanomalehdistö	N	
saamelaishallinto	N	
ryssänpalo	N	
ryhmätyötila	N	
ryhmätyötila	N	
rakennusperinne	N	
pääluokka	N	
päivähoitopaikka	N	
puistoalue	N	
poronhoitokulttuuri	N	
pinja	N	
pienriista	N	
perusvapaus	N	
palvelutarve	N	
opetusministeri	N	
opetushallinto	N	
nyky-yhteiskunta	N	
muutosehdotus	N	
musiikkistudio	N	
moottorikelkkailureitti	N	
metsätalousministeri	N	
metsänhoito	N	
metsätalousministeri	N	
maatalousyrittäjä	N	
luonnonperintö	N	
luokanopettaja	N	
lausuma	N	
laidunrauha	N	
laidunkiertojärjestelmä	N	
kuuleminen	N	
kunnostus	N	
kulttuurirahasto	N	
kulttuuripalkinto	N	
kotitarve	N	
korvamerkki	N	
koltansaamenkieli	N	
kokouspaikka	N	
kielipesäohjaaja	N	
kielenkäyttäjä	N	
katsoma	N	
katrilli	N	
jäkälikkö	N	
jatkohanke	N	
idja-	N	
hyväily	N	
hakemuslomake	N	
festivaalijohtaja	N	
etujärjestö	N	
etelä-kaakko	N	
esi-	N	
erityislainsäädäntö	N	
erityiskysymys	N	
erikoissuunnittelija	N	
aluekokonaisuus	N	
ale	N	
1920-luku	N	
å	N	
viranomaistoiminta	N	
viranomaistoiminta	N	
vientitoiminta	N	
valtaushakemus	N	
valokuvanäyttely	N	
vaalivuosi	N	
vaaliohjelma	N	
ulkoasiainministeriö	N	
tutkimusasema	N	
tunturiluonto	N	
tukitoimi	N	
toka	N	
toimintalinja	N	
taloussuunnitelma	N	
syrjäseutu	N	
syrjä	N	
suunnittelutila	N	
sunna	N	
sienestys	N	
saamelaistoimija	N	
saamekuoro	N	
rippi	N	
riistaeläin	N	
rautu	N	
rap-musiikki	N	
rahoitussäännös	N	
rahoittaminen	N	
peuranpyynti	N	
perusterveydenhuolto	N	
palsta	N	
palkkaero	N	
ottaminen	N	
osaselitys	N	
näkökanta	N	
noitarumpu	N	
museopäivä	N	
moottorikelkkailija	N	
matkamuisto	N	
matkakustannus	N	
maisemasopimus	N	
luoteisranta	N	
luonnonkäyttömuoto	N	
lounais	N	
lettorikko	N	
lausuntopyyntö	N	
käyttöesine	N	
kuulemistilaisuus	N	
kuorokonsertti	N	
kulttuuriprojekti	N	
kulttuuriperinne	N	
kotitarvepuu	N	
kotitarvepuu	N	
koillisranta	N	
kirkkotupa	N	
karvakenkä	N	
kaara	N	
internetsivu	N	
i	N	
hoitopaikka	N	
henkilöstöhallinto	N	
harrastustoiminta	N	
europarlamentaarikko	N	
eräretkeily	N	
elvytys	N	
elokuva-ala	N	
elokuva-ala	N	
elinkeinomuoto	N	
edustuselin	N	
dynamiikka	N	
arkistolaitos	N	
ammattikalastus	N	
aapasuo	N	
äänikirja	N	
ympäristölupa	N	
ympäristötieto	N	
yhde	N	
väärinkäsitys	N	
vähemmistöryhmä	N	
virkatyö	N	
verkko-opetus	N	
varhaiskasvatustyö	N	
tv-ohjelma	N	
tukipalvelu	N	
tilintarkastuskertomus	N	
tiedotustilaisuus	N	
teatterimuoto	N	
talvireitti	N	
suunnittelujärjestelmä	N	
simultaanitulkkausmahdollisuus	N	
sala	N	
ryhmäidentifikaatio	N	
romanikieli	N	
revontuliteatteri	N	
päätäntävalta	N	
puheenjohtajamaa	N	
pienriistalupa	N	
partapuoli	N	
ota	N	
osaaja	N	
oppimateriaalisuunnittelija	N	
opetushenkilöstö	N	
oikeusvaikutus	N	
oikeuskansleri	N	
näyttelytila	N	
muotokieli	N	
mukaelmasuomi	N	
monitoimitila	N	
metsätalouskäyttö	N	
metsätalouskäyttö	N	
menettelytapasäännös	N	
matkakulu	N	
malminetsintälupa	N	
malminetsintälupa	N	
lupa-alue	N	
kuvamateriaali	N	
kunnanraja	N	
kullanhuuhdontalupa	N	
kuljetusyhteys	N	
koulutuspolitiikka	N	
kotitarvekalastaja	N	
konsepti	N	
kolttakylä	N	
kokonaistilavuus	N	
kielityö	N	
kangasniemi	N	
kamajokisuu	N	
kahvitarjoilu	N	
joukkoviestin	N	
itä-koillinen	N	
elvytystoimenpide	N	
elvytystoimenpide	N	
elinkeinorakenne	N	
edustusto	N	
diplomaattimuoto	N	
betonirakenne	N	
arviointimenettely	N	
armonvakuutus	N	
ansiot	N	
vuorovaikutustaito	N	
voimassaolo	N	
viranomaistehtävä	N	
virantäyttö	N	
viranomaistehtävä	N	
vihko	N	
vihkiäiset	N	
vihkiäinen	N	
vierailija	N	
vetovoimatekijä	N	
vetovoimatekijä	N	
veljes	N	
valmistelutyö	N	
työskentelymaa	N	
työmatka	N	
työmääritelmä	N	
tv-uutiset	N	
tv-uutinen	N	
tunturipaljakka	N	
tuloskirja	N	
tulokaslaji	N	
tiedonkulku	N	
tiedonvaihto	N	
talvikausi	N	
talousmetsä	N	
suojelutoimi	N	
suojeluarvo	N	
suojeleminen	N	
sote-palvelu	N	
siirtymäsäännös	N	
rajoite	N	
rajapyykki	N	
putkilokasvi	N	
poroluku	N	
porotyö	N	
pola	N	
pohjoissaamenkieli	N	
pitkospuu	N	
pilottihanke	N	
pekanpoika	N	
palvi	N	
palvelukoti	N	
neuvontatyö	N	
murresana	N	
muinaismuisto	N	
melonta	N	
materiaalipankki	N	
maorikieli	N	
maastopyöräily	N	
maastotyö	N	
luontomatkailuyrittäjä	N	
luontokohde	N	
luontaiselinkeinotukikohta	N	
luomakunta	N	
lehtori	N	
lakivaliokunta	N	
lainvalmistelu	N	
käymä	N	
kulttuuritapahtuma	N	
kulttuurikumppanuus	N	
kuksa	N	
kotipalvelutyöntekijä	N	
kommentoija	N	
kokousaula	N	
kirkollisvaalit	N	
kielitutkinto	N	
kielimestari	N	
kielenkehittäminen	N	
kehittämis-	N	
kehittämistyöryhmä	N	
kehittämistyöryhmä	N	
kattavuus	N	
kansanjuhla	N	
kansallis-	N	
kalastusmatkailu	N	
juhlanäyttely	N	
joikumusiikki	N	
infopiste	N	
ikäraja	N	
hanketoiminta	N	
hakkuusuunnite	N	
hakkuumäärä	N	
etukäteistilaus	N	
etukäteistilauksi	N	
esivanhemmat	N	
esitutkinta	N	
esitelmä	N	
erämaakirkko	N	
eräasia	N	
erityistuki	N	
ennakkolippu	N	
ely-keskus	N	
eduskuntakäsittely	N	
asiantuntijaelin	N	
aluehallintaviranomainen	N	
alkusanat	N	
alkuperäiskansapolitiikka	N	
Čakča-	N	
ääri	N	
yleiskartta	N	
yhteistoimintavelvoite	N	
yhteenkuuluvaisuus	N	
vähemmistöpolitiikka	N	
vuorovuosi	N	
voimavara	N	
virtapaikka	N	
virkistysmahdollisuus	N	
virkatehtävä	N	
veljekset	N	
varhaiskasvatustoiminta	N	
valkokangas	N	
vaaliasiakirja	N	
tv	N	
tulotaso	N	
tiedonanto	N	
suurtunturi	N	
suuntaviiva	N	
sijoitettu	N	
saamelaiskäräjäedustaja	N	
saamelaisyhteistyö	N	
saamelaisyhteistyö	N	
saamelaistapahtuma	N	
saamelaispaliskunta	N	
saamelaiskohde	N	
räppäri	N	
ryssäjärvi	N	
riistakolmio	N	
riekonpyynti	N	
rakennuspaikka	N	
raamatunlukukappale	N	
päälinja	N	
päiväretki	N	
pyyntiväline	N	
purnu	N	
puistonvartija	N	
postiosoite	N	
porolauma	N	
poltto	N	
pide	N	
perinneruoka	N	
para	N	
paloalue	N	
palkintosumma	N	
painatuskeskus	N	
pahanen	N	
ohjesääntö	N	
neuvotteluvelvollisuus	N	
neuvotteluoikeus	N	
muistutus	N	
merkkipiiri	N	
meloja	N	
medialinja	N	
matkailutoiminta	N	
länsi-lounas	N	
lähiopetusjakso	N	
lähiopetusjakso	N	
lähetekeskustelu	N	
luonnonsuojelutehtävä	N	
luonnonrikkaus	N	
liuska	N	
laskeutumispaikka	N	
käyttöympäristö	N	
käyntimäärä	N	
kunnossapito	N	
kulttuuritausta	N	
kulttuuripalvelu	N	
kullanhuuhdontatukikohta	N	
kolttakulttuuri	N	
kokonaisarvio	N	
kielilakiselvitys	N	
kielivähemmistö	N	
kansallispuku	N	
kaivoshanke	N	
jao	N	
irtautuminen	N	
ilmentymä	N	
ihmisoikeusasia	N	
ihmisoikeusasia	N	
huoltotuva	N	
heikentämiskielto	N	
heikennys	N	
hallituspuolue	N	
hallintosihteeri	N	
hallintoneuvosto	N	
esineistö	N	
erämaaosa	N	
eräretkeilijä	N	
enimmäismäärä	N	
elokuvataide	N	
eliöstö	N	
dokumenttikamera	N	
diplomi	N	
antaja	N	
aineopetus	N	
aikuisopetus	N	
aikuisväestö	N	
ääntenlaskenta	N	
ylioppilaskirjoitukset	N	
yleistavoite	N	
yleisperustelu	N	
yhteistyömuoto	N	
yhteistoimintaelin	N	
yhdysosa	N	
väliraportti	N	
vähäisyys	N	
vähittäiskauppa	N	
voimaansaattaminen	N	
virkistyskalastaja	N	
viikkotunti	N	
verkkojulkaisu	N	
vastuutaho	N	
vastaanottopaikka	N	
variaatio	N	
valtio-osapuoli	N	
u-muoto	N	
täyttäminen	N	
tunturivesi	N	
toteuttamissuunnitelma	N	
toimistotila	N	
toimintamuoto	N	
toiminta-ohjelma	N	
tietous	N	
terveystoimi	N	
teatterityöpaja	N	
suojeluohjelma	N	
sukuyhteisö	N	
staalo	N	
sosiaalityö	N	
sosiaalihallitus	N	
sivutoimipiste	N	
sitoutuneisuus	N	
seurantaryhmä	N	
saamelaisedustaja	N	
rock-musiikki	N	
risu	N	
ravintoloitsija	N	
ratifiointieste	N	
rasiteoikeus	N	
ranta-asemakaava	N	
pääpaino	N	
puvusto	N	
putkilokasvilaji	N	
putkilokasvilaji	N	
purkuhakemus	N	
purku	N	
priorisointi	N	
presidenttifoorumi	N	
poikkeuslupa	N	
pirkko	N	
peuranpyyntikulttuuri	N	
peuranpyyntikulttuuri	N	
perinnemusiikki	N	
perhetyö	N	
paikallis	N	
osatoiminto	N	
opetustilanne	N	
oksi	N	
ohjelmatuotanto	N	
näytteenotto	N	
nykytanssi	N	
norjansaamelainen	N	
myöntäminen	N	
metsästysaika	N	
matkailuyritys	N	
maisemapalkinto	N	
lyhentymä	N	
lupakäytäntö	N	
luontotyyppitieto	N	
luonnonolot	N	
luonnonmetsä	N	
luokkamuoto	N	
lukuvuosi	N	
live-editointitila	N	
lisäresurssi	N	
kuntaraja	N	
kulttuuriympäristöohjelma	N	
kultamaa	N	
kultahamina	N	
kruununmetsätorppa	N	
koulutusraportti	N	
koulutusjärjestelmä	N	
koulukielioppi	N	
kouluhallitus	N	
korvakoru	N	
koiravaljakkoyrittäjä	N	
kirkkolaulu	N	
kirkkotupi	N	
kirjoitustaito	N	
kilpailuohjelma	N	
kielipalvelu	N	
kieliasiansihteeri	N	
kielenkäyttöalue	N	
kielenvaihdos	N	
kerhotoiminta	N	
kerho	N	
kastejumalanpalvelus	N	
kaluste	N	
kalliopiirros	N	
kaivoskivennäinen	N	
kaivaja	N	
kaita	N	
jälkiehkäisytabletti	N	
jussi	N	
ivaloinen	N	
inuitti	N	
ihmisoikeusvaltuuskunta	N	
huomiointi	N	
henkilötiedot	N	
harmonisointi	N	
hallintotoiminta	N	
festivaalialue	N	
eturauhassyöpä	N	
erityisrahoitus	N	
erikoisraportoija	N	
ehdokasluettelo	N	
asiantuntijaverkosto	N	
alkuteos	N	
alkuperäisteos	N	
alkuperäiskansafoorumi	N	
alavirta	N	
1940-luku	N	
-jussi	N	
ylistyslaulu	N	
yleisöennätys	N	
ydinryhmä	N	
vähemmistöasia	N	
vointi	N	
viranomaisluettelo	N	
viranomaisluettelo	N	
vihkijumalanpalvelus	N	
varauma	N	
varamies	N	
vammaiset	N	
valtionosuus	N	
valtakieli	N	
vaihteluväli	N	
uudistushakkuu	N	
uudistamishanke	N	
tärkeysjärjestys	N	
tuulivoimapuisto	N	
tupakansio	N	
tuotantoyhtiö	N	
tunturipeura	N	
tunturimittari	N	
tunnettavuus	N	
tulvasuojelu	N	
tulkkauskoppa	N	
trifon	N	
tietopaketti	N	
tietolomake	N	
tekstikirja	N	
tasa-arvovaliokunta	N	
tarjouspyyntö	N	
tanssitapahtuma	N	
tanssikilpailu	N	
taloushallinto	N	
syys-	N	
soveltamisalue	N	
sijoituspaikka	N	
sessio	N	
selvitysmies	N	
saamenkielentaitoinen	N	
saamelaisvanhempi	N	
saamelaissukupolvi	N	
saamelaissukupolvi	N	
saamelaisoikeus	N	
runokonserttikiertue	N	
ruhtinatar	N	
ruhtinaspari	N	
riekkokanta	N	
resurssiulottuvuus	N	
raekunnas	N	
radio-ohjelma	N	
raami	N	
raamatunluku	N	
päätösasiakirja	N	
poroelo	N	
porohomma	N	
pienpeto	N	
pettu	N	
perusperiaate	N	
palvontapaikka	N	
palvelumaksu	N	
paimennustuki	N	
paikallistalous	N	
paastonaika	N	
opetustunti	N	
omavastuuosuus	N	
nousuniemi	N	
norjatenolainen	N	
määrärahantarve	N	
määrärahantarve	N	
murrejohdos	N	
metsästysalue	N	
metsäohjelma	N	
merikalastus	N	
markkinointihanke	N	
mammografia	N	
läänintaiteilija	N	
lähipäivä	N	
lupamyynti	N	
luonnonsuojelukäräjä	N	
lohikanto	N	
lohenkalastus	N	
lisäresurssit	N	
liiteri	N	
lausuntoesitys	N	
laskeutumispaikko	N	
lappilainen	N	
käyttöpaine	N	
kumpu	N	
kulttuurinilmaus	N	
kulttuurihistoria	N	
kulttuuri-tapahtuma	N	
kulttuurivyöhyke	N	
kulttuurilaitos	N	
korkeakoulukonserni	N	
kolttasaame	N	
kivennäismaa	N	
kirjanpitotehtävä	N	
kirjallisuusluettelo	N	
kiintiöpäätös	N	
kieliteknologia	N	
kielenelvytysilta	N	
keskustelutilaisuus	N	
kerroin	N	
kemikaalivirasto	N	
kehittämistoiminta	N	
kaupunkisaamelainen	N	
kasvisto	N	
kamariorkesteri	N	
kalastussopimus	N	
kaivosyhtiö	N	
kaira	N	
kaakkoisranta	N	
kaakkoislaita	N	
juhlatilaisuus	N	
johdanto-osa	N	
jagi	N	
isyysvapa	N	
intressiryhmä	N	
informaatiokeskus	N	
ihonväri	N	
hoitohenkilökunta	N	
hoidonantaja	N	
hankeaika	N	
hakukierros	N	
erityisterminologia	N	
ennakointi	N	
elinkeinokokonaisuus	N	
elinolosuhteet	N	
dokumenttiprojektori	N	
diakoni	N	
cocktailtilaisuus	N	
aulatila	N	
atk-taito	N	
asuinmaa	N	
asiakysymys	N	
asenneilmapiiri	N	
arvoluokka	N	
arkivaate	N	
arkeologia	N	
appellatiivi	N	
alkeet	N	
alje	N	
äänitysmahdollisuus	N	
ympäristökasvatus	N	
yläpää	N	
yksilövalitus	N	
yhdistelmäelinkeino	N	
vuoksiselkä	N	
vokaalimusiikkityyli	N	
vokaalimusiikkityyli	N	
viranomaisasiointi	N	
viranomaisasiointi	N	
viitehinta	N	
vesitaloushanke	N	
vesiretkeilyreitti	N	
vastuuhenkilö	N	
varpu	N	
valiokuntakuuleminen	N	
vaalihuoneisto	N	
uusintapainos	N	
uudissana	N	
uudelleenarviointi	N	
uudelleenorganisointi	N	
tuulivoimarakentaminen	N	
tutkimuskäyttö	N	
turvekammi	N	
turvaamisvelvoite	N	
tupasija	N	
toteutusaika	N	
toimistotehtävä	N	
toiminta-talousarvio	N	
toimintavaihtoehto	N	
toimintamahdollisuus	N	
tilastointi	N	
tiestö	N	
tiedottaja	N	
terhi	N	
tapani	N	
tanssikatselmus	N	
tallentaminen	N	
taimikko	N	
taantuma	N	
säestys	N	
suutelu	N	
suura	N	
sopeutuma	N	
sekakuoro	N	
saamelaiskulttuurikeskushanke	N	
saamelaisvastaisuus	N	
saamelaistutkimus	N	
saamelaissuku	N	
saamelaiskoulu	N	
ruotsinsuomalainen	N	
runsaussuhde	N	
rauhoitusmääräys	N	
raja-alue	N	
päävastuu	N	
päiväraha	N	
päivätupa	N	
päivitysinventointi	N	
puitesopimus	N	
polkutie	N	
petopolitiikka	N	
perinteenkantaja	N	
penis	N	
palveluasuminen	N	
palveluaula	N	
oto	N	
oppilaankirja	N	
opetusneuvos	N	
ominaispiirre	N	
nuorisotila	N	
nuorisotoiminta	N	
nuorisolautakunta-hanke	N	
nimeämisryhmä	N	
naalikanta	N	
männikkö	N	
musiikkikilpailu	N	
matkailustrategia	N	
lupapäätös	N	
lupaviranomainen	N	
luoteispää	N	
luonnonsuojeluasetus	N	
lounaislaita	N	
lisäruokinta	N	
lapinleinikki	N	
käännöstyö	N	
käyttöalue	N	
kyläkunta	N	
kuvakonsertti	N	
kuulemismenettely	N	
kuntarakenneuudistus	N	
kunnallisvaalit	N	
koulukeskus	N	
kirkkovaltuusto	N	
kirjoitusvihko	N	
kirjoituskilpailu	N	
kirjoittelu	N	
kielisäännös	N	
kieliolo	N	
kielentutkimus	N	
kesäkylä	N	
kehityshanke	N	
kaupunkiympäristö	N	
kasvilajisto	N	
kanne	N	
kaakkoispää	N	
ilmastoneuvottelu	N	
ikäihminen	N	
ihmisoikeustilanne	N	
hyötyjäteasema	N	
hiippakuntavaltuusto	N	
henkilöstöresurssit	N	
henkilöstöresurssi	N	
hallintojohtaja	N	
foto	N	
esiintymis-	N	
erämaaluo	N	
erityisalue	N	
eloporomäärä	N	
eduskuntakausi	N	
editointitila	N	
edistys	N	
city	N	
avauspuheenvuoro	N	
avauspuhe	N	
avauspuheenvuoro	N	
arvosteltava	N	
arkistomateriaali	N	
agenda	N	
20-vuotias	N	
15.tammikuuta-	N	
äänitekniikka	N	
äänimaisema	N	
ympäristöopas	N	
yhteistyökyky	N	
yhteistyökyky	N	
yhdistystoiminta	N	
välttämättömyys	N	
väestömäärä	N	
vuokra-alue	N	
vokaalimusiikkilaji	N	
vokaalimusiikkilaji	N	
vesipiste	N	
verkkopalvelu	N	
varhaiskasvatusyksikkö	N	
varhaiskasvatusala	N	
vammaisuus	N	
valvontatupa	N	
valvontatehtävä	N	
valtionapu	N	
valtauskorvaus	N	
uudistamistyö	N	
uittoränni	N	
työmaa	N	
tuottavuusohjelma	N	
tunturimittarituho	N	
tukitoimenpide	N	
tukitoimenpide	N	
tukimuoto	N	
tuisku	N	
tervehdyspuhe	N	
terminologi	N	
termipankki	N	
teollisuusministeriö	N	
teatteriryhmä	N	
tavoitetaso	N	
taustaryhmä	N	
tapahtuma-asiakas	N	
talousarvioesitys	N	
sääolosuhteet	N	
sähköpostivarmistus	N	
syrjintäsuoja	N	
syksykirja	N	
suunnittelutehtävä	N	
suunnittelukäytäntö	N	
suunnitelmavaihtoehto	N	
suopunginheitto	N	
suomalaiskulttuuri	N	
sopa	N	
sisna	N	
siskonen	N	
sauk	N	
saamelaistaho	N	
saamelaiskäsityöntekijä	N	
saamelaiskäsityöntekijä	N	
saamelaiskäsityöntekijä	N	
saamelaiskulttuuriosio	N	
ruska	N	
ruokailupalvelu	N	
rotkolaakso	N	
riittävyys	N	
riistalaji	N	
resurssipula	N	
rajavyöhyke	N	
rajasopimus	N	
rajakunta	N	
raivaus	N	
pöytäryhmä	N	
päätöksentekoelin	N	
päätöksentekijä	N	
päätöksentekoelin	N	
pääsisäänkäynti	N	
pääjumalanpalvelus	N	
puuta	N	
puristus	N	
projektiryhmä	N	
porotila	N	
poronhoitomalli	N	
porokylä	N	
polttopuunotto	N	
pohjoissaamelaistenolainen	N	
pohjoislaita	N	
pohjapiirros	N	
pirtti	N	
perusoikeussäännös	N	
perusoikeussäännös	N	
palkinnonsaaja	N	
paliskuntasopimus	N	
osatekijä	N	
oppimisympäristö	N	
opintojakso	N	
opettajapula	N	
omanlainen	N	
niva	N	
nettisivusto	N	
nenetsi	N	
nelostie	N	
nahas	N	
muutosesitys	N	
musiikkitoiminta	N	
musiikinopettaja	N	
muistelus	N	
moottoriajoneuvo	N	
mielenterveystalo	N	
metsästyskäytänne	N	
metsäautotie	N	
metsonsoidinaika	N	
messut	N	
maisema-asia	N	
maisemayksikkö	N	
maaoikeustutkimus	N	
länsimurre	N	
lukiokoulutus	N	
lounaisranta	N	
lohiloinen	N	
lisäbudjetti	N	
lei	N	
lastenpäivä	N	
lannanvaara	N	
lainsäädäntöhanke	N	
laiduninventointi	N	
käyttökieli	N	
kuvataidekilpailu	N	
kuvake	N	
kurkkulaulu	N	
kuntajako	N	
kulttuurikeskushanke	N	
kulttuuriohjelma	N	
kulttuuriitsehallinto	N	
kudosnäyte	N	
koulutustilaisuus	N	
koulujärjestelmä	N	
konsensus	N	
komissaari	N	
kolehti	N	
kokeiluversio	N	
koilliskulma	N	
kiinteistökauppa	N	
kielikysymys	N	
kieliala	N	
kielentutkija	N	
kielenkäyttövalinta	N	
kielenkäyttötilanne	N	
kesäreitti	N	
keräämis-	N	
kelpoisuusehto	N	
kellojensoitto	N	
kelkkailu	N	
kelkkailija	N	
kehittämisperiaate	N	
kehittämisperiaate	N	
kanttori	N	
kansanterveyskonferenssi	N	
kannanvaihtelu	N	
kamarikollegio	N	
kalastuskunta	N	
kalastustarkoitus	N	
kalastuskulttuuri	N	
kalanistutus	N	
kaivoslupa	N	
julkaisusarja	N	
joutomaa	N	
journalismi	N	
jiddiš	N	
jaettava	N	
huoltotyö	N	
huoltoreitti	N	
hoiva	N	
hiihtovaellus	N	
giro	N	
fonttivirhe	N	
etäyhteys	N	
esittelyvideo	N	
erityisavustaja	N	
epäoikeudenmukaisuus	N	
energiamuoto	N	
edellisvuosi	N	
biodiversiteettitoimintaohjelma	N	
avoimuus	N	
avohuolto	N	
assimilaatio	N	
askartelupaja	N	
asiantuntijakokous	N	
asiakaspalvelija	N	
arnikki	N	
arkielämä	N	
analysointi	N	
amanuenssi	N	
aluetoimipiste	N	
aluekehitys	N	
alkuviikko	N	
alatyöryhmä	N	
aihealue	N	
ahmakanta	N	
äänitarkkaamo	N	
äänitaiteilija	N	
äänestysprosentti	N	
äänentoisto	N	
ylösnouseminen	N	
yläjuoksu	N	
yleissuunnitelma	N	
yleiskalastusoikeus	N	
yleishallinto	N	
yhdenvertaisuuskonferenssi	N	
vuoroluku	N	
volyymi	N	
voimassaoloaika	N	
virsiryhmä	N	
virpi	N	
virkistyskäyttövyöhyke	N	
virkistyspalvelu	N	
vihkipari	N	
viestintäministeriö	N	
viehekalastus	N	
verkkokalastus	N	
vapahtaja	N	
uralupa	N	
töpöhäntä	N	
työyhteisö	N	
työkiire	N	
turkis	N	
turjansaame	N	
tuomiokapituli	N	
tunturijärvi	N	
tulvametsä	N	
toteutuskeino	N	
toivoniemi	N	
toimintakausi	N	
teuras	N	
terveystarkastus	N	
teorialuento	N	
teorialuenta	N	
taukotila	N	
taloussihteeri	N	
taittaja	N	
taidekuva	N	
taideharrastus	N	
taideantologia	N	
tahtotila	N	
säästöpuu	N	
syrjintäasiamies	N	
suunnittelijaryhmä	N	
suunnitelma-alue	N	
sukulaisuusjärjestelmä	N	
soveltuvuus	N	
solunäytekontrolli	N	
soidin	N	
sivuaineopinto	N	
sivuaineopinnot	N	
sivuaineopinnot	N	
silkkipohja	N	
siirtoseinä	N	
siirtokuormaus	N	
seurapeli	N	
seuranto	N	
seurantatyöryhmä	N	
seksitautitesti	N	
safari	N	
saamelaisseminaari	N	
saamelaisseminaari	N	
saamelaisporonhoitaja	N	
saamelaisporonhoitaja	N	
saamelaisoikeuskomitea	N	
saamelaismuusikko	N	
saamelaisidentiteetti	N	
ryssänpalko	N	
rikosilmoitus	N	
retkikohde	N	
raskausviikko	N	
rakennusurakka	N	
rakennuskustannukset	N	
rahoitustehtävä	N	
rahoitusohjelma	N	
raati	N	
raakalaina	N	
pääsymaksu	N	
pääovi	N	
pulju	N	
poronhoitotöistyö	N	
poronhoitoelinkeino	N	
polttopuuhuolto	N	
pohjoisstenolainen	N	
piki	N	
pihamaa	N	
peuratie	N	
perusparannus	N	
perusmuoto	N	
perusnäyttely	N	
perintötekijä	N	
perehtyneisyys	N	
pelikortti	N	
parlamentarismi	N	
palvelumuoto	N	
palvelutarjonta	N	
pahtakeltto	N	
pahoinvointi	N	
osahanke	N	
oikeussuoja	N	
oikeuslähde	N	
oikeudenkäyntiavustaja	N	
oikaisu	N	
ohjelmakausi	N	
näyttelytoiminta	N	
nykysäännös	N	
nuorisotapahtuma	N	
nuolenkärki	N	
nukki	N	
nomini	N	
nimistöpalvelu	N	
neuvottelija	N	
neuvola	N	
nettisanakirja	N	
mutu	N	
monikäyttömetsä	N	
monialainen	N	
metsä-hallitus	N	
merijää	N	
matee	N	
maisemointi	N	
maatalousministeriö	N	
maankäyttöpäätös	N	
maaalue	N	
lähimmäinen	N	
lähiruoka	N	
lyhytfilmi	N	
luvallisuus	N	
lupaohje	N	
lupametsästys	N	
luovutustilaisuus	N	
luottamuslautakunta	N	
luonto-opastus	N	
luonnonvaraoikeus	N	
luonnonlaidun	N	
luokkalainen	N	
lumiteatteri	N	
lounaiskulma	N	
lohikanna	N	
lisätoimi	N	
leiriytyminen	N	
lapsiperhe	N	
lainsäädäntömuutos	N	
lainkohta	N	
laatutavoite	N	
käyntiosoite	N	
kutsuvieras	N	
kustannusosakeyhtiö	N	
kustannuspäällikkö	N	
kuomujärvi	N	
kulttuuriperintöviranomainen	N	
kulttuuri-ilmaisu	N	
kulttuurikohde	N	
kultaryntäys	N	
koulutussuunnitelma	N	
koulutusaste	N	
kouluradio	N	
kotihoito	N	
kolttasaamenkieli	N	
kokouspöytä	N	
kokeiluhanke	N	
koira-alue	N	
koillislaita	N	
kinnas	N	
kilpailukyky	N	
kieliasia	N	
kielenelvytysseminaari	N	
kevätaapinen	N	
kesätapahtuma	N	
kerrottava	N	
kehittämisedellytys	N	
kauko	N	
katutanssi	N	
karjatalous	N	
kansanopisto	N	
kansanvälinen	N	
kanjonialue	N	
kalastussääntö	N	
kalastusrajoitus	N	
kaivu	N	
kaavio	N	
kaavamerkintä	N	
järvivesi	N	
järvenselkä	N	
julkaisutoiminta	N	
inventointimenetelmä	N	
inuiitti	N	
iltapäivätoiminta	N	
ilmoittautumislomake	N	
ilmoittautumisohje	N	
ihmisoikeustuomioistuin	N	
huolestuneisuus	N	
hirvenmetsästys	N	
hevi	N	
henkilötyövuosi	N	
henkilöstökoulutushanke	N	
henkikirja	N	
havaintoasema	N	
hautajaiset	N	
harmi	N	
hankerahoitus	N	
hakutulos	N	
flunssa	N	
evakkomatka	N	
esilukija	N	
erityismääräraha	N	
erityismaininta	N	
ei-saamelainen	N	
duodji-	N	
dokumenttipankki	N	
askare	N	
askar	N	
asiantuntijalautakunta	N	
arkkitehtitoimisto	N	
apulaistuottaja	N	
ammatti-identiteetti	N	
alkusyksy	N	
alkuperäiskansakysymys	N	
alkuperäisasukas	N	
alakomissio	N	
-luokkalainen	N	
ympäristöviranomainen	N	
yhteiskuntasopimus	N	
väittämä	N	
vähyys	N	
vokaalimusiikki	N	
visuaalisuus	N	
virsilauluryhmä	N	
virkistyskäyttömahdollisuus	N	
virkistyskäyttömahdollisuus	N	
viranomaistaho	N	
viranomaistaho	N	
vinkki	N	
videoneuvotteludekki	N	
verhokuvio	N	
vastuulaji	N	
valvontajärjestelmä	N	
valmisteluvaihe	N	
vallankäyttö	N	
valitsijayhdistys	N	
uutistuotanto	N	
uudis	N	
urosporo	N	
uhanalaistumiskehitys	N	
työtilanne	N	
työolot	N	
työehto	N	
tuulivoima-alue	N	
tutkimustarkoitus	N	
turvetuotanto	N	
turhake	N	
tuotantotuki	N	
tunturimaisema	N	
tulostustiedosto	N	
tulkkauspalvelu	N	
toimittaminen	N	
tilastotieto	N	
tehtäväkenttä	N	
teatterikilpailu	N	
tavoiteanalyysi	N	
tasalattia	N	
tanssiesitys	N	
taloustilanne	N	
tallennusväline	N	
taidelaji	N	
taidekäsityö	N	
syötävä	N	
syyspäivä	N	
suunnitteluohje	N	
suopunginheittokilpailu	N	
suomi-saame	N	
suojelutoimenpide	N	
sulauttamispolitiikka	N	
sivutapahtuma	N	
sivistysseura	N	
sisäasianministeriö	N	
sisarelin	N	
siirtäjä	N	
seurantajakso	N	
seminaariyleisö	N	
sekajäte	N	
saunatakki	N	
sanakirjatyö	N	
san	N	
saamenmestaruuskisa	N	
saamelaismusiikkikeskushanke	N	
saamelaistoimijoki	N	
saamelaisorganisaatio	N	
saamelaisnäkökulma	N	
saamelaisnäkökulma	N	
saamelaisjoikaaja	N	
saamelaisinstituutio	N	
saamelaisesine	N	
ryhmäkeskustelu	N	
ruotsinsaamelainen	N	
ruotenolainen	N	
rotkoalue	N	
rock-yhtye	N	
riistakolmiolaskenta	N	
retro	N	
retkeilyneuvonta	N	
resurssitaso	N	
ratkaisumalli	N	
rannas	N	
rakennusperintökohde	N	
rajoitusosa	N	
rahoituspäätös	N	
rahoitushakemus	N	
radiolähetys	N	
pääsääntö	N	
pääelinkeino	N	
pääperiaate	N	
päiväkotiryhmä	N	
pyyntipaikka	N	
puolustusvoimat	N	
projektikoordinaattori	N	
potilaskertomus	N	
poronhoitosuunnitelma	N	
piilo	N	
pihakenttä	N	
pienhiukkaspäästö	N	
pesimäaika	N	
perustamissopimus	N	
perjantai-ilta	N	
perhe-etuus	N	
pelastustoimi	N	
pedagogiikka	N	
partiomaja	N	
parviola	N	
palvelukeskus	N	
painanne	N	
otto-oikeus	N	
ottaja	N	
osallistujamäärä	N	
opinnäytetyö	N	
opetusvirasto	N	
opetusasia	N	
opettajakoulutus	N	
opastusviestintä	N	
näyttelysermi	N	
nykymalli	N	
naispuoli	N	
naalialue	N	
muuttuma	N	
muutostyö	N	
musiikintekijä	N	
muistitieto	N	
muistitikku	N	
muinaisjäännösryhmä	N	
mittariarvo	N	
metsävarat	N	
merisaamelainen	N	
meriluonto	N	
mammografiatutkimus	N	
maja	N	
maisemanähtävyys	N	
maisemakatalogi	N	
maastokäynti	N	
maankäyttöoikeus	N	
maankäyttöoikeus	N	
maahisweb	N	
lypsykauha	N	
luppo	N	
luoteiskulma	N	
luontopalvelujohtaja	N	
luontomatka	N	
luontokartoitus	N	
luonnonkirja	N	
loukkaus	N	
louhikko	N	
loppuseminaari	N	
lisäaika	N	
liikkumisrajoitus	N	
levitystoiminta	N	
letto	N	
lausuntomenettely	N	
lastenkonsertti	N	
lapsuuden	N	
lapio	N	
lakiuudistus	N	
lainkäyttövalta	N	
laidunkiertoaita	N	
laatumaa	N	
käyttöyhteys	N	
käräjäedustaja	N	
kuukautiskierto	N	
kurkkulaulaja	N	
kuluma	N	
kulttuuriympäristöpäivä	N	
kulttuuripesätoiminta	N	
kulttuuriperusta	N	
kullankaivualue	N	
kuljetuspalvelu	N	
kuivakäymälä	N	
koulumatka	N	
kotikylä	N	
kotiavustaja	N	
koristeväri	N	
koordinaatiokokous	N	
kokoontumispaikka	N	
kohdealue	N	
koeala	N	
kiinne	N	
kielioppiosa	N	
kielilainsäädäntö	N	
kielitausta	N	
kielenelvyttämisohjelma	N	
keskiaste	N	
kehityskonferenssi	N	
kehittämisehdotus	N	
kehittämisalue	N	
kaupunkisaamelaistenolainen	N	
kattojärjestö	N	
kasvuympäristö	N	
kastekynttilä	N	
karuus	N	
karttapaikka	N	
karttakeskus	N	
kansallispäiväjuhla	N	
kansalaisjärjestötoiminta	N	
kansalaisjärjestötoiminta	N	
kani	N	
kanalintu	N	
kalle	N	
kalastuspaine	N	
kalastusmahdollisuus	N	
kalastuskäyttö	N	
kalansaalis	N	
kaakkoiskulma	N	
jälkipolvi	N	
jäkälälaidun	N	
joululahjaostos	N	
jokamies	N	
iva	N	
irtotuoli	N	
irtisanomisaika	N	
inka	N	
iltakonsertti	N	
ilmailulaitos	N	
ikkunaverho	N	
iiris	N	
ibid	N	
hää	N	
huoltosisäänkäynti	N	
huoltoura	N	
hoivatyöntekijä	N	
hoivatyöntekijä	N	
historiantutkimus	N	
hirvikanta	N	
henkselit	N	
henkseli	N	
hakkuutavoite	N	
haja-asutusalue	N	
gradu	N	
evankeliumikirja	N	
etelärinne	N	
esitystapa	N	
esiintymätieto	N	
erityisperustelu	N	
erikoiskirjasto	N	
epistola	N	
ennakkolipunmyynti	N	
emätinyhdyntä	N	
elämänhallinta	N	
eläinlajisto	N	
elinkeinopolitiikka	N	
elinkeinohistoria	N	
eleiso	N	
ekosysteemilähestymistapa	N	
asuinkunta	N	
asiavirhe	N	
asianomistaja	N	
asianesittelijä	N	
arvostelupöytäkirja	N	
alv	N	
aluetapahtuma	N	
aloitusseminaari	N	
allekirjoittanut	N	
alkeisoppikirja	N	
alakuloisuus	N	
alakoululainen	N	
aivot	N	
1880-luku	N	
18-64-vuotias	N	
äänioikeusikä	N	
yöpyminen	N	
yva-lainsäädäntö	N	
ympäristönsuojelutoimenpide	N	
ympäristönhoito	N	
ympäristöllisten-	N	
ympäristösuhde	N	
ympäristönäkökohta	N	
ylävirta	N	
yläraja	N	
yliopistohanke	N	
yleiskaavoitus	N	
yleiskaava	N	
yksittäistapaus	N	
yksikkömuoto	N	
yhteisökeskustelu	N	
yhteistyömalli	N	
yhteislaulutilaisuus	N	
yhteiskäyttötila	N	
yhteishanke	N	
yhteissaamelainen	N	
yhteenvetotaulukko	N	
yhtenolainen	N	
wikipedia	N	
väestörakenne	N	
vyöhykejaotus	N	
von	N	
voittajaehdotus	N	
virkistyskalastuslupa	N	
virkistysalue	N	
virkistyskalastuslupa	N	
virike	N	
viri	N	
vire	N	
viranhoito	N	
villahuivi	N	
vetovoima-alue	N	
vesipuitedirektiivi	N	
verottaja	N	
verkkoopettaja	N	
veritulppa	N	
vatsatauti	N	
valtionvesi	N	
valmisteluprosessi	N	
vahtimestaripalvelu	N	
vahtikoira	N	
vaativuus	N	
vaatetus	N	
uudisrakentaminen	N	
ulko-	N	
työskentelyareena	N	
työpajatyöskentely	N	
työnhakija	N	
tuulivoimahanke	N	
tutkimusala	N	
tutkimustarve	N	
tutkimussuunnitelma	N	
tutkimusprojekti	N	
turvamaa	N	
tuottokyky	N	
tunturimittarituhoalue	N	
tunnustaminen	N	
tukitaso	N	
trendi	N	
touko-kesäkuu	N	
topografikartta	N	
toimintavalmius	N	
toimintaohje	N	
toimintalinjaus	N	
toimeentulomahdollisuus	N	
tinalanka	N	
tietolähde	N	
tietoliikenneyhteys	N	
tietoteknologia	N	
tiepiiri	N	
tiainen	N	
terveysalue	N	
telttailualue	N	
telekopio	N	
tavoitevuosi	N	
tavoitetila	N	
tarpeellisuus	N	
tarkistustyö	N	
talviruokinta	N	
talvilaidunalue	N	
talvilaidunalue	N	
talollinen	N	
taloasuminen	N	
tallentamishanke	N	
tae	N	
synergiaetu	N	
suopunkiviesti	N	
suojelutaso	N	
suojavyöhyke	N	
sulauttamispyrkimys	N	
sulamisvesi	N	
sosiaalivaikutus	N	
sivusta	N	
sisäänpääsy	N	
sisällöntuotanto	N	
seurantajärjestelmä	N	
seurantatarve	N	
seurakuntalainen	N	
seipiharju	N	
saamenkielentaito	N	
saamelais-suomalais-saamelainen	N	
saamelaisvaltuuskunnas	N	
saamelaispoliitikko	N	
saamelaisperheisi	N	
saamelaiskoulutus	N	
saamelaiskirkko	N	
saamelaisesinekokoelma	N	
saalismäärä	N	
ruttopoliisi	N	
ruokailutila	N	
rukouskirja	N	
ristiriitatilanne	N	
ristikulkue	N	
riemu	N	
resurssipohja	N	
ravintokasvi	N	
rakentamishanke	N	
rahoituslähde	N	
raanu	N	
raamatunkohta	N	
päätösseminaari	N	
päätösrukous	N	
päättäjäiset	N	
päättäjäinen	N	
pääsylippu	N	
päästövähennys	N	
pääpiirre	N	
päävieras	N	
pyhitetty	N	
puuhuoltosuunnitelma	N	
pukumalli	N	
puitelaki	N	
puhuma-alue	N	
puheenjohtajakausi	N	
projektisuunnittelija	N	
prioriteetti	N	
pressikuva	N	
poukama	N	
potilasmaksu	N	
poronhoitotehtävä	N	
poronhoitajaperhe	N	
poronvasa	N	
poroerotusaita	N	
poroajelu	N	
poiminta	N	
piitimen-	N	
piha-alue	N	
perustutkimus	N	
perustaso	N	
perusopinto	N	
perusopinnot	N	
perhe-elämä	N	
palveluvalikoima	N	
palaveri	N	
pailakka	N	
otos	N	
oppivelvollisuuskoulu	N	
oppimateriaalityöntekijä	N	
opintokokonaisuus	N	
opastuskieli	N	
oloaika	N	
oikeusjuttu	N	
oikeudenkäyntikulut	N	
odotusaika	N	
nähtävyyskohde	N	
nykytilantee	N	
nykykäytäntö	N	
noudattaminen	N	
neuvontatehtävä	N	
naarasporo	N	
määräaikaisuus	N	
muutostarve	N	
musiikkikuvaelma	N	
musiikkikatselmus	N	
muokkaus	N	
muinaisjäännöskohde	N	
monikäyttö	N	
mobiiliopaste	N	
metsäkiista	N	
metsäerämaa	N	
meritaimenkanta	N	
meikkaushuone	N	
mediakasvatus	N	
matkapuhelinverkko	N	
matkailurakentaminen	N	
maisemakäsitys	N	
maaomaisuus	N	
maaoikeusseminaari	N	
maaoikeusasia	N	
maanmuokkaus	N	
maan-käyttö	N	
maankäyttötapa	N	
maakunta-arkisto	N	
maaoikeusasia	N	
löytöpaikka	N	
läänineläinlääkäri	N	
lämpiöaula	N	
lähtöpaikka	N	
lähetekäytäntö	N	
lupamäärä	N	
luovuttamiskielto	N	
luottamustoimi	N	
luontaistalousalue	N	
luonnontuote	N	
luonnonsuojelukäräjät	N	
luonnonkasvi	N	
lumen	N	
lohirieha	N	
lintutorni	N	
lenkki	N	
legitimiteetti	N	
laulutapa	N	
laulukoppi	N	
lastenteatteriprojekti	N	
laskeutumispaikoi	N	
lappi-sopimus	N	
lajintuntemus	N	
lainmuutos	N	
käännytystyö	N	
käyttösuunnittelu	N	
käsikirjoituskurssi	N	
käsikirjoituskurssi	N	
kymmenvuotiskausi	N	
kuvankäsittely	N	
kuvakilpailu	N	
kuusikko	N	
kutina	N	
kunnallispolitiikka	N	
kulttuurisen-	N	
kulttuuriantropologia	N	
kulttuuri-identiteetti	N	
kulttuurituottaja	N	
kulttuuritoiminta	N	
kovakantinen	N	
koulutusala	N	
kouluaika	N	
kommunikaatioarvo	N	
kom	N	
kolttakulttuurikeskushanke	N	
koiravaljakkoajelu	N	
koiravaljakkosafari	N	
koirametsästys	N	
kohdunnapukka	N	
kohdeopaste	N	
kivikko	N	
kiusaus	N	
kirkkotekstiili	N	
kirkkomuusikko	N	
kilpailuetu	N	
kiintiösäännös	N	
kiinteistörekisteri	N	
kieliversio	N	
kielivalinta	N	
kielitekopalkinto	N	
kieliopiskelutila	N	
kielilisä	N	
ketunmetsästys	N	
keskustelunaihe	N	
kenttätyö	N	
kelo	N	
keittiömestari	N	
kehitysluokka	N	
kehittämisyksikkö-hanke	N	
kehittämiskeskus	N	
kaupunginmuseo	N	
katalonia	N	
kasvatustyö	N	
kasvatustiede	N	
kasvattaminen	N	
kasvattaja	N	
kaste-hanke	N	
kansallismaisema	N	
kaivoslakiehdotus	N	
kaipaus	N	
kaikkivaltias	N	
kaamosjazz	N	
jäämä	N	
järjestämislupa	N	
juristi	N	
jokireitti	N	
joikuesitys	N	
jatkotyöskentely	N	
isojako	N	
internet-sivu	N	
intendentti	N	
ilmasto-olosuhde	N	
ilmastosopimus	N	
ikäjakauma	N	
ihmisoikeusraportti	N	
hyväksyttävyys	N	
hoitotoimenpide	N	
hiihtovaeltaja	N	
hiihtoreitti	N	
henkilöjoiku	N	
henkikirjoittaja	N	
havaintopaikka	N	
harjoitustehtävä	N	
hankikeli	N	
hankehakemus	N	
hallitusneuvos	N	
hallintovaliokunta	N	
fakta	N	
euronen	N	
etukäteissuostumus	N	
esimerkkiteksti	N	
esiintymistila	N	
erämaajärvi	N	
erotusalue	N	
erityislaes	N	
elämäntilanne	N	
elokuvatuotanto	N	
elokuvakoulutus	N	
eliölajituntemus	N	
ekaluokkalainen	N	
eeva	N	
edistäjä	N	
don	N	
budjettiriihi	N	
bruttopinta-ala	N	
blogipäivitys	N	
bioenergia	N	
biodiversiteettipolitiikka	N	
avi	N	
asuinseutu	N	
askele	N	
askartelu	N	
asiantuntijalausunto	N	
arkilauantai	N	
ammattinimike	N	
ammattimetsästäjä	N	
aluepäällikkö	N	
almanakka	N	
allekirjoittaja	N	
alkuperäiskieli	N	
alkuaika	N	
ainutlaatuisuus	N	
aineenopettaja	N	
aamukahvi	N	
2009-osio	N	
19-vuotias	N	
1850-luku	N	
17-vuotias	N	
äänittäjä	N	
äänimaailma	N	
äitiysneuvola	N	
ylioppilaskoe	N	
ylijohtaja	N	
yksityisyys	N	
yhteyshenkilö	N	
yhteistyöprojekti	N	
yhteismetsä	N	
yhdysside	N	
välitarkastus	N	
väitöstutkimus	N	
väitöstilaisuus	N	
vähimmäisoikeus	N	
väestönosa	N	
vivahde	N	
virtsa	N	
virkamiestyöryhmä	N	
viranomaispäätös	N	
viranomaisneuvottelu	N	
viranomaispäätös	N	
viranomaisneuvottelu	N	
vihkipuhe	N	
viehelupa	N	
vesivarat	N	
vesienhoitoalue	N	
verotoimisto	N	
veroluettelo	N	
veromaa	N	
vastatoimi	N	
varhaiskasvatusmateriaalipankki	N	
vantus	N	
vammaispalvelu	N	
valvontayksikkö	N	
valtiovarainvaliokunta	N	
valtausalue	N	
vaaratilanne	N	
uudistusala	N	
uudistaja	N	
ulkoilureitti	N	
ulkoilu	N	
uhanalaisuusarviointi	N	
työvoimatoimisto	N	
työryhmämietintö	N	
tutkimusmetsä	N	
turvallisuusnäkökohta	N	
tunturimaasto	N	
tuntiopettaja	N	
tuloksellisuus	N	
tulokas	N	
tulkkipalvelu	N	
tulija	N	
tulevaisuusfoorumi	N	
tulentekopaikko	N	
tukikohtatarve	N	
tukitarve	N	
tuhoalue	N	
torstai-ilta	N	
toiminta-ajatus	N	
toimintarajoite	N	
toimeentulonlähde	N	
tietosivusto	N	
tiedotuskanava	N	
tiedontarve	N	
tieverkosto	N	
teurasporo	N	
teurastuki	N	
terveyshuolto	N	
terveysasia	N	
tervetulotoivotus	N	
terminologiaprojekti	N	
terho	N	
teosallas	N	
tarve-esine	N	
tarkastelujakso	N	
talviruokintakohde	N	
talvimatkailu	N	
talouskäyttö	N	
taitos	N	
taidonnäyte	N	
syyttäjälaitos	N	
syystalvi	N	
syyskausi	N	
syysaapinen	N	
suurporonhoito	N	
suuntautuneisuus	N	
suunnitteluvelvoite	N	
suunnittelutilanne	N	
susikanta	N	
suoratoisto	N	
suomalaisväestö	N	
suolakala	N	
suojeluperuste	N	
suojelumääräys	N	
sulhasehdokas	N	
sukupuolirooli	N	
sosiaalityöntekijä	N	
sopu	N	
sopimusmääräys	N	
sopimuslautakunta	N	
sointu	N	
sivuvesistö	N	
sivistystoimenjohtaja	N	
sisä-	N	
sisus	N	
siirtomaatilanne	N	
siemenneste	N	
seurustelu	N	
seurakuntapedagogi	N	
sesonki	N	
seiväs	N	
sanktiojärjestelmä	N	
sairaanhoitoneuvonta	N	
saamelaissopimusluonnos	N	
saamelaismusiikkifestivaali	N	
saamelaissopimusluonnos	N	
saamelaisalueilta	N	
saame-suomi	N	
saameräppi	N	
ryhmätyötehtävä	N	
ryhmätyötehtävä	N	
ruokinta	N	
runoeepos	N	
runokilpailu	N	
ruho	N	
rokkibändi	N	
ristinmerkki	N	
rintasyöpä	N	
rikka	N	
riistakolmiolaskento	N	
riekonmetsästys	N	
riekkokanna	N	
retkeilyrakenne	N	
resurssisäännös	N	
resurssikysymys	N	
reissu	N	
ratifiointineuvottelu	N	
ratifiointiasiakirja	N	
raportoija	N	
rap-muusikko	N	
rap	N	
rantavesi	N	
rakennuskanta	N	
rajalinja	N	
rajakauppa	N	
rajayhteistyöseminaari	N	
rajavalvonta	N	
rahoituskanava	N	
raakku	N	
päätöksentekovalta	N	
päättelytehtävä	N	
pääperuste	N	
päämalli	N	
päälava	N	
päivänvalo	N	
pyyntialue	N	
puunkäyttö	N	
puunotto	N	
puuhuolto	N	
puhujapönttö	N	
potilasvakuutus	N	
porovahinko	N	
poronsarvi	N	
poronhoitotöityö	N	
poronnahka	N	
poropaimentolaisuus	N	
polttopuunsaanti	N	
poismeno	N	
pohjola	N	
pitkämatkalainen	N	
pitkospuut	N	
petokanta	N	
pesin	N	
perustiedot	N	
perustamis-	N	
peruskouluaika	N	
perusedellytys	N	
perussopimus	N	
peruskouluaika	N	
perinneyhdistys	N	
parisuhde	N	
paraneminen	N	
paperikirja	N	
palvelutaso	N	
palvelutila	N	
palvelujärjestelmä	N	
paimennuskämppä	N	
paikallisuus	N	
ostos	N	
ortodoksisuus	N	
oppimistulos	N	
oppimateriaalivara	N	
oppimateriaalitilanne	N	
oppikirjakustantaja	N	
opintorekisteriote	N	
opetustyö	N	
opetustilantee	N	
opetusviranomainen	N	
opastusaineisto	N	
omahoito-opas	N	
oikeusavustaja	N	
oikeussääntö	N	
oikeudenomistaja	N	
ohjausvalta	N	
ohjaajapolvi	N	
näyttelykävijä	N	
nuorisotoiminto	N	
nosto	N	
niukkuus	N	
navajo	N	
mosaiikki	N	
monipuolisuus	N	
mittarituho	N	
minikeittiö	N	
mielenterveys	N	
metsästyskäyttö	N	
metsäpalo	N	
metsäsaamelaiskulttuuri	N	
metsäneuvosto	N	
metsuri	N	
mediatuote	N	
mediatila	N	
mediateollisuus	N	
mediakasvatusmateriaali	N	
metsäsaamelaiskulttuuri	N	
matikka-sarja	N	
materiaalipankkisivusto	N	
markkinaruokailu	N	
makuu	N	
maksuehto	N	
maisemadynamiikka	N	
maastoliikennereitti	N	
maastoliikennelupakäytäntö	N	
maastomoottoripyörä	N	
maastoliikennelupakäytäntö	N	
maastoinventointi	N	
maanomistustyöryhmä	N	
maanhaltija	N	
maailmanmusiikki	N	
lääkitys	N	
läpinäkyvyys	N	
lähetysaika	N	
lupa-asia	N	
lupametsästysalue	N	
lupaharkinta	N	
luottamustehtävä	N	
luontokuva	N	
luontosidonnaisuus	N	
luontaiselinkeinotutkimus	N	
luonnonsuojelupiiri	N	
luonnonsuojelujohtaja	N	
luonnonrauha	N	
luonnonkauneus	N	
luonnonmateriaali	N	
luonnonarvovyöhyke	N	
luotee	N	
lukuporo	N	
loppukevät	N	
lisäselvitys	N	
lipputoimisto	N	
liiketoimintamalli	N	
liesi	N	
leiriytymispaikka	N	
lausuntoyhteenveto	N	
laupeus	N	
latvavesi	N	
latvajärvi	N	
lastenlaulu	N	
lastenkirjallisuus	N	
laskeutumispaikoko	N	
laskeutumispaikoka	N	
lasiseinä	N	
lasivitriini	N	
lapinpuku	N	
laitoshoito	N	
lainvoima	N	
laiduntamisoikeus	N	
käyttövarat	N	
käyttäjämäärä	N	
kätkö	N	
käsityömyymälä	N	
käsikirjoittaminen	N	
käräjäoikeusuudistus	N	
kylämaisema	N	
kuve	N	
kulttuuriperinnönsuojelu	N	
kulttuuriviikko	N	
kulttuuripiirre	N	
kulttuuriala	N	
kultahistoria	N	
kouluviranomainen	N	
koulutusmahdollisuus	N	
kotivaltio	N	
kotitarvekäyttö	N	
kosija	N	
korvaustaso	N	
korvausjärjestelmä	N	
korotus	N	
koriste-esine	N	
kommentointi	N	
komiteanmietintö	N	
komi	N	
kolttaraanu	N	
kokoustuoli	N	
kokousjärjestely	N	
kokoontumistila	N	
kokoontumissana	N	
kokonaispituus	N	
kokoontumistila	N	
kokoontumissana	N	
kohtuus	N	
kohtaamis-	N	
kiusaaja	N	
kitumaa	N	
kirvely	N	
kirkkovuosi	N	
kirjastoauto	N	
kirjamessut	N	
kildininsaamenkieli	N	
kielitieteilijä	N	
kielioppikirja	N	
kielilakikertomus	N	
kieliasu	N	
kielioppikirja	N	
kielenpuhuja	N	
kevätosa	N	
kesäpäivä	N	
keskiviikkoilta	N	
keräilijä	N	
kerronta	N	
kentänpää	N	
kehittämisyksikköhanke	N	
kehittämistyöprosessi	N	
kehittämistyöprosessi	N	
kehittäjäasiantuntija	N	
kattaus	N	
karkulainen	N	
kansalaiskeskustelu	N	
kangasmaa	N	
kalastuskohde	N	
kalastajasaamelainen	N	
kalamies	N	
kaivualue	N	
kaava-alue	N	
kaavaehdotus	N	
jääluola	N	
jälkiehkäisypilleri	N	
jokivesi	N	
joikuruno	N	
jatkotoimenpide	N	
jalanjälki	N	
istumapaikka	N	
irtolöytö	N	
internet-osoite	N	
internetsivusto	N	
ilmoittautumisaika	N	
ilmatiede	N	
ilmasto-olosuhteet	N	
ilmakuvatulkinta	N	
ilmakuvatulkinta	N	
ikärakenne	N	
ikäsarja	N	
ihmistoiminta	N	
häpyhuuli	N	
hyvyys	N	
hyvinvointijärjestely	N	
hillasuo	N	
hietikko	N	
henkilötyökuukausi	N	
helpotus	N	
helmi-maaliskuu	N	
helikopteriliikenne	N	
harrastajateatteri	N	
harjoittamismahdollisuus	N	
harha	N	
hammashuoltotuki	N	
hallitusohjelmaneuvottelu	N	
hallinnonuudistus	N	
hakupalvelu	N	
grönlanti	N	
geenireservimetsä	N	
freelancer	N	
folklore	N	
etelälaita	N	
esteettömyys	N	
esteaita	N	
esikoisromaani	N	
esiintymisasu	N	
esiintyjälämpiö	N	
erätalouspäällikkö	N	
eräkulttuuri	N	
erätalouspäällikkö	N	
erityislupa	N	
erittely	N	
ennätysmäärä	N	
energiapolitiikka	N	
elämäntarina	N	
elvytystoiminta	N	
elvyttämisseminaari	N	
elvyttämisseminaari	N	
elokuvaverkosto	N	
elokuvaleiri	N	
elinkeino-oikeus	N	
elinkeinoasia	N	
ekstensio	N	
ekologi	N	
design	N	
demin	N	
biisi	N	
aukeama	N	
asuminen	N	
asuinsija	N	
astianpesukone	N	
asiantuntijaseminaari	N	
asiakirjakäännös	N	
asiakasryhmä	N	
arviointiryhmä	N	
arviointimenetelmä	N	
arkkitehtikilpailu	N	
arkistolähde	N	
apulaisoikeusasiamies	N	
animaatioelokuva	N	
ammattijärjestö	N	
aluehallintoviranomainen	N	
alueyhteistyö	N	
aluetaso	N	
aluejohtoryhmä	N	
aluehallintoviranomainen	N	
aluehallintavirasto	N	
alapää	N	
alaraudanjoki	N	
aktio	N	
aivohalvaus	N	
aikuisopiskelija	N	
aarniometsä	N	
18–25-vuotias	N	
18-64-vuota	N	
16-vuotias	N	
15–17-vuotias	N	
čakča-	N	
äänestyspäätös	N	
ystävänpäivä	N	
ystävys	N	
ystävykset	N	
yrityselämä	N	
ympäristövaliokunta	N	
ympäristötyyppi	N	
ylispuu	N	
yhteystarve	N	
yhteisyys	N	
yhteistyö-ryhmä	N	
yhteiskuntakehitys	N	
yhteishenki	N	
yhteiskoulutus	N	
workshop	N	
välityslautakunta	N	
välinpitämättömyys	N	
vähemmistösopimus	N	
vähemmistöoikeus	N	
väestörekisteritietojärjestelmä	N	
väestökirja	N	
vuorovenekuljetus	N	
vuodenkierto	N	
votkaturisti	N	
virvoke	N	
virtuaali-	N	
virsiäänite	N	
virkistysmoottorikelkkailu	N	
virantoimitus	N	
viranomaismääräys	N	
viranhaltija	N	
viranomaismääräys	N	
viivyttely	N	
viheralue	N	
vihervuosi	N	
vetovastuu	N	
vesitalous	N	
vertailukohta	N	
verotusoikeus	N	
verkko-opettaja	N	
venekuljetus	N	
veneilyreitti	N	
veneliikenne	N	
vastuuvapaus	N	
vastaanottopaikko	N	
vasomisaika	N	
varhaiskasvatusmateriaali	N	
varausilmoitus	N	
varausalue	N	
vanhempainpäiväraha	N	
vanhemmuus	N	
valtiosopimusoikeus	N	
valtiosopimusoikeus	N	
valtausoikeus	N	
valtamedia	N	
vaihtoehtotarkastelu	N	
vaihettumisvyöhyke	N	
uudistamis-	N	
ultraäänianturi	N	
ulkoasianvaliokunta	N	
uhkakuva	N	
uhkailu	N	
uhanalaistuminen	N	
työvaihe	N	
työsarka	N	
työmies	N	
työllistämismahdollisuus	N	
työjärjestysluonnos	N	
työote	N	
tuura	N	
tuulivoimatuotanto	N	
tutkimusaihe	N	
tutkimusyhteistyö	N	
tutkimusvyöhyke	N	
tutkimuskirjallisuus	N	
tuottotavoite	N	
tuomiopiiri	N	
tuolirivi	N	
tunturisaamelainen	N	
tulossopimus	N	
tulosohjaus	N	
tullilaitos	N	
tulkintaperiaate	N	
tulkintakäytäntö	N	
touko	N	
toimintameno	N	
todistustaakka	N	
tietotaito	N	
tienvarsi	N	
tiedotustyö	N	
tiedotusasia	N	
tiedontuotanto	N	
terveysvaikutus	N	
terveystutkimus	N	
terveydenhuoltopalvelu	N	
tekstiilisuunnittelu	N	
tehtävänkuva	N	
tehtäväalue	N	
tatti	N	
tasa-arvotilanne	N	
tarkastaja	N	
tarjoaminen	N	
tarinakirja	N	
talvikeino	N	
taloudellisuus	N	
taimikonhoito	N	
taikuri	N	
taideteostoimikunta	N	
taide-elämä	N	
taidepalkinto	N	
sähkölinja	N	
syrjäisyys	N	
syrjäalue	N	
syrjintälautakunta	N	
suoralinkki	N	
suomi-pohjoissaame	N	
sulamisvaihe	N	
sukumerkkijärjestelmä	N	
sovintosopimus	N	
sosiaalisuus	N	
sosiaalipolitiikka	N	
soolotanssija	N	
sivuaineopiskelija	N	
siskos	N	
siraste	N	
single	N	
silmätulehdus	N	
silmukka	N	
siikakanta	N	
sihteeristötehtävä	N	
sidosryhmäkysely	N	
sidonnaisuus	N	
seutualue	N	
seulonta	N	
seminaariväki	N	
sarake	N	
sanastokeskus	N	
sanapeli	N	
sanalista	N	
salassapitovelvollisuus	N	
sairaankuljetus	N	
sairaanhoitohenkilöstö	N	
sairaanhoitohenkilöstö	N	
sairaalahoito	N	
saattaja	N	
saamenradio	N	
saamenpuhuja	N	
saamelais-suomalais-saamelaisestenolainen	N	
saamelaispykälä	N	
saamelaispuolue	N	
saamelaispappi	N	
saamelaismies	N	
saamelaismedia	N	
saamelaismaisema	N	
saamelaiskäräjä	N	
saamelaiskirjallisuus	N	
saamelaiskiintiö	N	
saamelaiselin	N	
saaliskala	N	
ruohonjuuritaso	N	
ruohokangas	N	
risureitti	N	
riittämättömyys	N	
riippusilta	N	
riekonpyytäjä	N	
revontulimatka	N	
reseptilääke	N	
rekisterinote	N	
rekisterihallitus	N	
reittiehdotus	N	
reikäkivi	N	
ravintolapalvelu	N	
rasta	N	
raportointimatka	N	
rakennuspuu	N	
rajanylityspaikka	N	
rajankäynti	N	
rajaeste	N	
raitti	N	
rahoitusosuus	N	
rahoitustila	N	
rahoitustarve	N	
rahapalkinto	N	
radiohiiliajoitus	N	
pöytävuokra	N	
päätöspuhe	N	
päätösprosessi	N	
päätoimikunta	N	
pääkohta	N	
päätoimikunta	N	
pääalue	N	
päivänen	N	
päivämatka	N	
päivähoitopalvelu	N	
päiväkävijä	N	
puolustushallinto	N	
punjabi	N	
pukuparsi	N	
pukukulttuuri	N	
puheoikeus	N	
puheenjohtajuuskausi	N	
puheteatteri	N	
psalmi	N	
prosenttiosuus	N	
projektisuunnitelma	N	
printtiverho	N	
printtikuvio	N	
porotalousyrittäjä	N	
poronhoitomahdollisuus	N	
poronhoitolainsäädäntö	N	
porokarja	N	
poropolku	N	
poppi	N	
pohjoisaamenkieli	N	
pohjavesialue	N	
pohjatyö	N	
pohjavesialue	N	
pohdiskelu	N	
pitäminen	N	
pilkkijä	N	
pilkkijärvi	N	
pilke	N	
pikkupurtava	N	
piili	N	
pienvoimala	N	
pienhiukkanen	N	
petovahinko	N	
petotila	N	
petomäärä	N	
petipaikka	N	
pesäpaikka	N	
peruutusehto	N	
perustamistavoite	N	
perusluonne	N	
peruskurssi	N	
perusasia	N	
perustieto	N	
perusmäärä	N	
perhoslaji	N	
perhevapaa	N	
pelastustoiminta	N	
pelastaja	N	
parkkinahka	N	
panelisti	N	
paneeliverhokangaskuvio	N	
palvelutuotanto	N	
palvelumyynti	N	
palkkamenot	N	
pakkohoito	N	
paikannimistöselvitys	N	
paikallishistoria	N	
osallistumismahdollisuus	N	
originaali	N	
oppimateriaaliyhteistyö	N	
oppimateriaaliasia	N	
opiskelupaikkakunta	N	
opiskelupaikka	N	
opetustilasto	N	
opetustehtävä	N	
opetusjärjestely	N	
opettaminen	N	
opastustaulu	N	
opastetaulu	N	
ompelus	N	
omahoito-ohjelma	N	
oksentelu	N	
oivallus	N	
oikeusvaltio	N	
oikeusaste	N	
oikeusprosessi	N	
oikeellisuus	N	
ohjelmapalvelutoiminta	N	
ohjelmanumero	N	
ohjelma-alue	N	
ohjelmaluonnos	N	
näytteenoto	N	
näköispainos	N	
nuotta-apaja	N	
nuoruusvaihe	N	
nuorisokulttuuri	N	
nuorisokeskus	N	
nuorisoasia	N	
nuolukivi	N	
norjalaistamispolitiikka	N	
neuvottelutulos	N	
neuvotteluprosessi	N	
neuvottelumenettely	N	
nelivuotiskausi	N	
naisjärjestö	N	
nahankäsittely	N	
naava	N	
naalinpesä	N	
määräysvalta	N	
myllytulli	N	
muuttaja	N	
musiikkisanasto	N	
musiikkigenre	N	
museotoiminta	N	
museoliitto	N	
museokauppa	N	
munasolu	N	
muinaisjäännöstyyppi	N	
moottorikelkkailu-ura	N	
moderaattori	N	
mittaritieto	N	
mielenterveyspalvelu	N	
mielenterveyspalvelu	N	
metsästyskoira	N	
metsäkeskus	N	
metsäsertifiointistandardi	N	
metsäsaamelainen	N	
merkkilinja	N	
merkittävyys	N	
merivesialue	N	
merivesialue	N	
meininki	N	
medianlinja	N	
mediamaksu	N	
matkustuskustannus	N	
martta	N	
markkinointitoimenpide	N	
markkinapäivä	N	
maksuväline	N	
majoituspalvelu	N	
majatalo	N	
maistraatti	N	
maisemahissi	N	
maisemahanke	N	
maatilatalous	N	
maatalousministeri	N	
maastopyöräilyreitti	N	
maastopyörä	N	
maastoliikennekäytäntö	N	
maasto-opaste	N	
maastoruokinta	N	
maarekisteri	N	
maaoikeussopimus	N	
maaoikeuskiista	N	
maanviljelys	N	
maakuntakaavoitus	N	
maailmantalous	N	
maailmankieli	N	
maahanmuuttajakieli	N	
maa-ainestoiminto	N	
maaaines	N	
läsnäolo-oikeus	N	
länsisaamelainen	N	
lähtöpiste	N	
lähisuhdeväkivalta	N	
lähestymiskielto	N	
luulaja-	N	
lupahakemus	N	
lupaprosessi	N	
lupakiintiö	N	
luovutussana	N	
luontomatkailutoiminta	N	
luontomatkailusuunnitelma	N	
luontokuvaus	N	
luontokuvaaja	N	
luontokuvatapahtuma	N	
luonnonsuojeluliitto	N	
luonnonsuojelulainsäädäntö	N	
luonnonsuojelija	N	
luonnonkansa	N	
luonnonalue	N	
luokittelujärjestelmä	N	
lunastus	N	
lumiolosuhde	N	
lopputuotos	N	
lompolo	N	
lomakylä	N	
lisätehtävä	N	
lisätalousarvio	N	
liputus	N	
lippupuhe	N	
levytysprojekti	N	
leuku	N	
lentopaikko	N	
lentolakko	N	
lehtinainen	N	
lausuntoluonnos	N	
latomus	N	
lastenkulttuuriverkosto	N	
lastensivusto	N	
laskeutumispaikko	N	
laskento	N	
lapinveromaa	N	
lapinvero	N	
lapinradio	N	
lakisanasto	N	
lakihanke	N	
laiduntila	N	
laatija	N	
käännöstehtävä	N	
käyttö-suunnitelma	N	
käyttötarve	N	
käyttäjäkunta	N	
käynnistäminen	N	
kävijätyytyväisyys	N	
kävelymatka	N	
käsityötavoistapa	N	
käsityönäyttely	N	
käsikirjoitustyö	N	
käsityötapa	N	
kysymysmerkki	N	
kysymyksenasettelu	N	
kyläyhteisö	N	
kyläkeskus	N	
kyläseura	N	
kvaliteetti	N	
kuvioehdotus	N	
kurho	N	
kupee	N	
kunnioittaminen	N	
kunnanvirasto	N	
kunnallistalous	N	
kulttuuriperintöministeriö	N	
kulttuuritoimija	N	
kulttuuriseminaari	N	
kulttuurikäsite	N	
kulttuurikasvatus	N	
kulttuuriasia	N	
kultamuseo	N	
kulmakivi	N	
kullanhuuhdontahakemus	N	
kullankaivulupa	N	
kulkukeino	N	
koulukuljetus	N	
koulukäynti	N	
kotipalvelu	N	
kotipaikkakunta	N	
korvausvaatimus	N	
korvatulehdus	N	
korkeusvaihtelu	N	
koollekutsuja	N	
konserttilippu	N	
konfirmaatiojumalanpalvelus	N	
konferenssijärjestelmä	N	
kommentaari	N	
komiteamietintö	N	
kolttasaamelaistyttö	N	
kolttasaamelaistyttö	N	
kolttanuori	N	
kolttakeskus	N	
kolttakatrilli	N	
kolttasaamelaistyttö	N	
kokoelmatyö	N	
kokonaisväestö	N	
kokka	N	
kirjoituskieli	N	
kirjeäänestys	N	
kirjastoapurahalautakunta	N	
kirjakilpailu	N	
kimppapöytä	N	
kilpailusääntö	N	
kiinteistökehitys	N	
kieltoalue	N	
kieliyhteistyöhanke	N	
kielipolitiikka	N	
kielikylpykerho	N	
kielitilanne	N	
kieliohjelma	N	
kielijaos	N	
kevätkausi	N	
kesänäyttely	N	
keskusvirasto	N	
keskustelupalsta	N	
keskitalvi	N	
keräilytalous	N	
keruumatka	N	
keinoniemi	N	
keikkailu	N	
kehittämisrakennehanke	N	
kauno	N	
kattaminen	N	
katrilliryhmä	N	
kati	N	
kasvatustavoite	N	
karttapalvelu	N	
karttakuva	N	
karen	N	
kansanedustuslaitos	N	
kansankäräjä	N	
kansallispuistokomitea	N	
kanakoira	N	
kamarisinfoniakonsertti	N	
kalasääski	N	
kalastustukikohta	N	
kalastuspaikka	N	
kalastusmatkailija	N	
kaija	N	
kahvitus	N	
kaavoitushanke	N	
kaavamääräys	N	
kaavamerkintö	N	
järjestelmäasiantuntija	N	
jälkiehkäisy	N	
juomakauha	N	
junayhteys	N	
julkkiskokki	N	
julkishallinto	N	
julkaisuvapaa	N	
juhlapuhe	N	
journalisti	N	
jouluaamu	N	
joikuosakilpailu	N	
johdatus	N	
jatkaja	N	
itämurre	N	
itä-länsisuunta	N	
istunta	N	
informantti	N	
iltapäiväohjelma	N	
iltaohjelma	N	
ilmavoimat	N	
ilmastonmuutoskysymys	N	
illallinen	N	
ikäpolvi	N	
ihmissuhde	N	
ihmisoikeuskysymys	N	
ies	N	
idiomi	N	
hätänumero	N	
hyväksymisprosessi	N	
huonemies	N	
hoviherra	N	
hopeakäsityö	N	
hoitokunta	N	
hoitoyksikkö	N	
hoitotoimi	N	
hoitomuoto	N	
hiphop	N	
hiivasieni	N	
hiihtoretki	N	
herättäjä	N	
henkilöresurssit	N	
henkilöresurssi	N	
helistin	N	
hauskuus	N	
harteet	N	
hankintalainsäädäntö	N	
hankaluus	N	
hammashuoltoavustus	N	
halukkuus	N	
hallintorakenne	N	
hakemusmenettely	N	
hake	N	
haitallisuus	N	
haastattelutilanne	N	
folk-rock	N	
faksinumero	N	
facebook-sivu	N	
eväsporo	N	
etiäinen	N	
eteläesplanadi	N	
etappi	N	
esinekokoelma	N	
esikoululainen	N	
esiintymistaito	N	
esiintymislava	N	
esiselvitys	N	
esi	N	
erämaakokemus	N	
erityisvesi	N	
erityisvaatimus	N	
erityissuhde	N	
ensiesitys	N	
ennakkotieto	N	
ennakkotapaus	N	
energiapuu	N	
elämänpiiri	N	
eläinkuva	N	
elvytystoimi	N	
elvyttämishanke	N	
elokuvatapahtuma	N	
elokuvakerronta	N	
elokuvakerronta	N	
eliöyhteisö	N	
elinkeinotoimi	N	
elinkeinokeskus	N	
edunvalvoja	N	
diskriminointi	N	
diakonia	N	
bändisoitto	N	
bruttoala	N	
aviovaimo	N	
avaussana	N	
auttamistoiminta	N	
audio	N	
asumispalvelu	N	
asuinvaltio	N	
asiointikieli	N	
asiantuntijuus	N	
asiantuntijaresurssit	N	
asiantuntijaresurssi	N	
asiakaslähtöisyys	N	
asiakastyytyväisyys	N	
asiakasneuvoja	N	
asiakohta	N	
arvovieras	N	
arvokkuus	N	
arviointiosuus	N	
annin	N	
aluehallintouudistus	N	
alueviranomainen	N	
aluekehittäminen	N	
aloituspaikka	N	
allekirjoittajamaa	N	
alkuperäiskansanainen	N	
alkuasukas	N	
alakohta	N	
akkalan-	N	
ajattelumaailma	N	
aboriginaali	N	
27-vuotias	N	
22-vuotias	N	
1910-luku	N	
10-15-vuotias	N	
ääriraja	N	
äänitaituri	N	
äänilähde	N	
äitiyshuolto	N	
äitiys	N	
äimä	N	
äidin-kieli	N	
ympäristölupaviranomainen	N	
ympäristöolo	N	
ympäristöarvo	N	
ymmärtämys	N	
ylä	N	
yleisnimi	N	
yleisistunto	N	
yleiskalastus	N	
yksinäisyys	N	
yhtymäkokous	N	
yhteystieto	N	
yhteistyömahdollisuus	N	
yhteistyökuvio	N	
yhteistyökokous	N	
yhteistyöjärjestö	N	
yhteistyöhanke	N	
yhteistyöfoorumi	N	
yhteistoimintapäivä	N	
yhteistoimi	N	
yhteislaulu	N	
yhteiskuva	N	
yhteiskuntarakenne	N	
yhteiskuntajärjestelmä	N	
yhteiskuntatieto	N	
yhteistyömahdollisuus	N	
yhteistyökokous	N	
yhteistyöjärjestö	N	
yhteispinta-ala	N	
yhteispalaveri	N	
yhteisneuvottelu	N	
yhdyskuntasuunnittelu	N	
yhdistymismahdollisuus	N	
vuosikirja	N	
vuokratupi	N	
voittajaehdokas	N	
voimapolku	N	
voda	N	
virtsarakko	N	
virtavesi	N	
virkistäytymismuoto	N	
virkistyskalastusalue	N	
virkistyskalastusalue	N	
virkavastuu	N	
virkatoimi	N	
viransijainen	N	
viranomaiskieli	N	
viranomaiskieli	N	
viitekehys	N	
viipymä	N	
viihtyisyys	N	
viehekalastuslupa	N	
videoneuvottelu	N	
videomateriaali	N	
vesilinnusto	N	
vesienhoito	N	
vesilainsäädäntö	N	
vesiala	N	
verso	N	
verovarat	N	
verkkopyynti	N	
venesatama	N	
venekyyti	N	
velvoitus	N	
velvoittavuus	N	
vaunut	N	
vastaussana	N	
vastausprosentti	N	
varustus	N	
varautuminen	N	
varauskammi	N	
varatuomari	N	
vapaa-ajankalastus	N	
vanne	N	
vanhainkoti	N	
valvontaohjelma	N	
valtiopäiväjärjestys	N	
valtiontalous	N	
valtionosuusrahoitus	N	
valtioraja	N	
valokuvauskilpailu	N	
valosuunnittelu	N	
valkovuoto	N	
vakuus	N	
vaikutuskeino	N	
vahingonkorvausjärjestelmä	N	
vaelluskalakanto	N	
vaelluskalakanta	N	
vaelluskalakanta	N	
vaatesuunnittelu	N	
vaalilippu	N	
vaalikamppailu	N	
uusintainventointi	N	
uudistustarve	N	
uudenteknologia	N	
ultraäänitutkimus	N	
ulosmarssi	N	
ulkoilmakonsertti	N	
ulkoilmafestivaali	N	
uhripaikka	N	
uhrilahja	N	
uhanalaisuusluokitus	N	
uhanalaisluokitus	N	
työviikko	N	
työtila	N	
työskentelymuoto	N	
työpaja-aika	N	
työnteko	N	
työmahdollisuus	N	
työhönottotilanne	N	
työasia	N	
työhyvinvointi	N	
turvallisuustekijä	N	
turvaamisvelvollisuus	N	
tuonela	N	
tunturipuro	N	
tuntijakoasetus	N	
tuntijako	N	
tulkkausyksikkö	N	
tulkitsemiskäytäntö	N	
tukikohtapaikka	N	
tukiyhdistys	N	
tukiehto	N	
tuija	N	
toteuttamistyö	N	
toteutettavuus	N	
toteama	N	
tola	N	
toimivuusarviointi	N	
toimivaltaraja	N	
toimintaluonnos	N	
toimintakenttä	N	
toimenpidesitoumus	N	
toimeenpanija	N	
tilavaraus	N	
tiistai-ilta	N	
tiimi	N	
tiima	N	
tietoliikennelaite	N	
tietokirjallisuus	N	
tienhaara	N	
tiedonvälittäjä	N	
terveyspalveluhanke	N	
terveyskeskuslääkäri	N	
terveysviranomainen	N	
terveydenedistäminen	N	
terapiametsä	N	
televisiotuotanto	N	
tekstitys	N	
tekstiilityö	N	
tekoallas	N	
tehoste	N	
teesi	N	
teemaopastus	N	
teatteriteema	N	
tarkoituksenmukaisuus	N	
tarkkailijamaa	N	
tarkistaminen	N	
tarkastelukausi	N	
tarjouspyyntö-asiakirja	N	
tarjouskilpailu	N	
tarinankerronta	N	
tapahtumakalenteri	N	
taloustila	N	
taipale	N	
taimenvesi	N	
taimenkanta	N	
säätäminen	N	
säilytyskuoppa	N	
syöpäsolu	N	
sytostaatti	N	
syrjintäkokemus	N	
syrjimättömyysnormi	N	
suurkustannuskausi	N	
suunnittelukausi	N	
suova	N	
suoramyynti	N	
suorakaide	N	
suomalaistamisprosessi	N	
suolisto	N	
suojelualuerekisteri	N	
suojelusuunnitelma	N	
suojatoimi	N	
sulje	N	
sukupuolitautiklinikka	N	
sukupuolinäkökulma	N	
sukupolviohjelma	N	
sukulaisuussuhde	N	
sukujuuri	N	
stipendihakemus	N	
sosiaalitoimisto	N	
sosiaalineuvos	N	
sosiaalirahasto	N	
sosiaalineuvosto	N	
sopimusrikkomus	N	
sopimusprosessi	N	
sivistystyö	N	
sivistystoimentarkastaja	N	
sisäjärvi	N	
sisnapussi	N	
sisnakenkä	N	
sirkkeli	N	
sinnikkyys	N	
sijoittelu	N	
siittiö	N	
siirtymäaika	N	
siemensyöksy	N	
seurantakomitea	N	
sertifiointi	N	
senaatti-kiinteistö	N	
senaattikiinteistö	N	
seminaaripuhuja	N	
selviytyjä	N	
selvityskomitea	N	
selvitysalue	N	
selko	N	
seksikokemus	N	
sekakieliryhmä	N	
seinämä	N	
satakunta	N	
sarvityö	N	
sanomalehdistöasetus	N	
sanoja	N	
saamentaitoinen	N	
saamenkäsityöpaja	N	
saamenkäsityöpaja	N	
saamelais-käräjä	N	
saamelaisvähemmistö	N	
saamelaistoimikunta	N	
saamelaistoimielin	N	
saamelaistoimikunta	N	
saamelaistoimielin	N	
saamelaistila	N	
saamelaistarve	N	
saamelaissymboli	N	
saamelaisosio	N	
saamelaisopettaja	N	
saamelaismatkailuyrittäjä	N	
saamelaiskeskittymä	N	
saamelaisasutus	N	
saamelaisarkistohanke	N	
saameradio	N	
saaliskiintiö	N	
ryssä	N	
ruokintakeino	N	
ruokatalous	N	
rotusyrjintäsopimus	N	
riippuma	N	
riimi	N	
rieska	N	
riekkomaa	N	
riekkokanto	N	
revontulet	N	
retkiehdotus	N	
retkeilypolku	N	
retkeilykohde	N	
ravintolayrittäjä	N	
rautujärvi	N	
rauhoitussäännös	N	
ratayhteys	N	
raskaustesti	N	
rantakallio	N	
rakentamistapa	N	
rakennushahmo	N	
rakennerahasto-ohjelma	N	
rajaseutuyhteistyö	N	
rajaseutu	N	
raitio	N	
rahoitustyö	N	
rahoitusmomentti	N	
rahoitusedellytys	N	
rahanmeno	N	
pääurakoitsija	N	
pääuoma	N	
päätöksenteko-oikeus	N	
pääsiäisfestivaali	N	
päälavallapa	N	
päähine	N	
pääosasto	N	
pääaula	N	
päivähoitoasia	N	
päivähoitoasetus	N	
pyöräilyreitti	N	
pyyntioikeus	N	
pysäköintitila	N	
puuliiteri	N	
puoliympyrä	N	
pulma	N	
puhevalta	N	
progesteroni	N	
prioriteettialue	N	
potilasturvallisuus	N	
potilasasiamies	N	
postipolku	N	
positiivi	N	
poronhoitopiiri	N	
poronhoitovuosi	N	
poronhoitoasia	N	
poronhoitajasaamelainen	N	
porosafari	N	
poroperhe	N	
pore	N	
polttopuunottoalue	N	
poliisitoimi	N	
poliisihallinto	N	
poikkeustapaus	N	
poikasistutus	N	
pohjoisuus	N	
pohjaluonnos	N	
pohjakartta	N	
pikkuparlamentti	N	
pienryhmä	N	
peuralaji	N	
petäjä	N	
petotilanne	N	
pesärekisteri	N	
pesimärauha	N	
perusteluosa	N	
peruskoulutus	N	
perusajatus	N	
perusparantaminen	N	
perusinfrastruktuuri	N	
perfektimuoto	N	
penkka	N	
patoallas	N	
panoraamareitti	N	
palvelusuunnitelma	N	
palvelurakenneuudistus	N	
paluumuutto	N	
palojatkumoalue	N	
palkkiosääntö	N	
palkkatyö	N	
palkkaaminen	N	
palkanosa	N	
pakkomuutto	N	
paimentolaiskansa	N	
paimennustyö	N	
paikanpää	N	
outakoskelainen	N	
ottotoiminta	N	
ottolupa	N	
osviitta	N	
osallistumistodistus	N	
osaamiskeskusverkosto	N	
osaamiskeskustoiminta	N	
osa-ohjelma	N	
oppimistehtävä	N	
oppimismahdollisuus	N	
oppimateriaalipula	N	
oppimateriaaliprojekti	N	
opiskelijakortti	N	
opiskelijavalinta	N	
opintotukijärjestelmä	N	
opintotukijärjestelmä	N	
opintosuoritus	N	
opetuskäyttö	N	
ope	N	
opastuspiste	N	
opaspalvelu	N	
ongelmallisuus	N	
omisteleva	N	
omavastuu	N	
olennaisuuskriteeri	N	
oka	N	
ojitus	N	
oikolukutyökalu	N	
oikeussäännös	N	
oikeusstandardi	N	
oikeusmenetys	N	
ohjauskeino	N	
näyttämä	N	
näkijä	N	
nykymaailma	N	
nykymuoto	N	
nykymerkitys	N	
nykylainsäädäntö	N	
nutukas	N	
nuotiopaikka	N	
nuorisovaltuusto	N	
nostin	N	
normittamistyö	N	
nimiversio	N	
niitto	N	
neuvottelutila	N	
neuvotteluasema	N	
nettikokoontumispaikka	N	
nauhapirta	N	
naispää	N	
nahkavyö	N	
mätäs	N	
muutti	N	
muutospaine	N	
musiikkiteatteri	N	
musiikkiosaaminen	N	
murremuoto	N	
muinaisjäännösrekisteri	N	
moottorivenelupa	N	
mittaristo	N	
minäkuva	N	
minimitekijä	N	
mini-filmifestivaali	N	
mielikuvamaailma	N	
metsästyslupajärjestely	N	
metsästysrikos	N	
metsästysmahdollisuus	N	
metsänrajaseutu	N	
metsänrajaseutu	N	
metsänkäyttö	N	
metsänkäsittely	N	
metsämarja	N	
metsäkonduktööri	N	
metsähallitus-konserni	N	
metodologia	N	
merta	N	
meritaimenkanto	N	
menoarvio	N	
matkustaminen	N	
matkailutulot	N	
matkailuvetovoima	N	
matkailuneuvonta	N	
matkailualue	N	
matintytär	N	
massamatkailu	N	
massaesiintyminen	N	
markkinaperinne	N	
malliesimerkki	N	
mallilauseke	N	
maksettavat	N	
majoituspaikka	N	
majoitustoiminta	N	
maisemavaikutus	N	
maisemaohjelma	N	
mainonta	N	
maina	N	
maaseutuelinkeino	N	
maanomistuskysymys	N	
maanmittaustoimisto	N	
maankäyttösuunnitelma	N	
maankäyttöseminaari	N	
maankäyttöratkaisu	N	
maankäyttösuunnitelma	N	
maakuntakaava-alue	N	
maakuntasuunnitelma	N	
maailmankatsomus	N	
maailmanyhteisö	N	
maa-ainestoiminta	N	
maa-ainesalue	N	
maapuu	N	
maakuntasuunnitelma	N	
lääkärikäynti	N	
läpikulkija	N	
länsityvi	N	
lähitunturi	N	
lähipalvelu	N	
läheisyysperiaate	N	
lyseonpuisto	N	
lyhennelmä	N	
lutu-toimintasuunnitelma	N	
luontoretki	N	
luontomatkailuvyöhyke	N	
luontomatkailukohde	N	
luontovaikutus	N	
luontotalo	N	
luontomatkailukohde	N	
luontolatu	N	
luontokäsitys	N	
luontokartoitusaineisto	N	
luonnoskuva	N	
luonnonvarapolitiikka	N	
luonnonnähtävyys	N	
luonnonmuodostuma	N	
luonnonhyödyntämistarkoitus	N	
luonnonharrastus	N	
luonnonelementti	N	
lukukausi	N	
loka	N	
lohipato	N	
lisätulo	N	
lisäkysymys	N	
lisäkokoustila	N	
linjalaskenta	N	
liikkumislupa	N	
liikkuja	N	
lemmenjoki-näyttely	N	
leikkiympäristö	N	
lehmänmaito	N	
lehdistötuki	N	
lauteet	N	
lausunnonantaja	N	
laude	N	
latuverkosto	N	
lastenkulttuurikeskushanke	N	
lastenkulttuurityö	N	
lapsiryhmä	N	
lapiokaivaja	N	
lapintakki	N	
lanta	N	
lampaanvilla	N	
lampaanliha	N	
lakkimalli	N	
lakimuutos	N	
lakialue	N	
lainoppinut	N	
laiduntutkimus	N	
laatimisprosessi	N	
laajuustieto	N	
kölivuoristo	N	
käännöstyökalu	N	
käännöstyökalu	N	
käyttötarvike	N	
käyttöperiaate	N	
käyntiaika	N	
käteinen	N	
käsityövaihtoehto	N	
käsityöohjaaja	N	
käsittelyluokka	N	
kärppätuva	N	
kärppätupa	N	
kyselytutkimus	N	
kyläkuva	N	
kyläalue	N	
kyhmy	N	
kuvailta	N	
kuukausipalkka	N	
kustannusyhtiö	N	
kustannuslaskija	N	
kustannuskattoturva	N	
kuraattori	N	
kuntauudistus	N	
kunniakirja	N	
kumo	N	
kulumisvaara	N	
kulttuuri-käsite	N	
kulttuuriyhdistys	N	
kulttuurityöntekijä	N	
kulttuuriteos	N	
kulttuuritarjonta	N	
kulttuuripiiri	N	
kulttuurioikeus	N	
kulttuurimatkailu	N	
kultamies	N	
kultalöytö	N	
kulotus	N	
kulkutapa	N	
kriisitilanne	N	
koulutuspaikka	N	
kouluterveydenhuolto	N	
koulukotiasuminen	N	
koulukartasto	N	
kouluaste	N	
kotitarvemetsästys	N	
kotiseututeos	N	
kotimatka	N	
koste	N	
korvakäytävä	N	
korjuu	N	
koristenauha	N	
koristelutyyli	N	
kongressisali	N	
konekaivu	N	
konekaivaja	N	
kommunikaatioväline	N	
kolttasaamelaisyhteisö	N	
kolttasaamelaisyhteisö	N	
kolttanainen	N	
koloskooppi	N	
kolminaisuudenaika	N	
kolmasluokkalainen	N	
kolttasaamelaisyhteisö	N	
kokoustekniikka	N	
kokouspöytäkirja	N	
kokoustauko	N	
kokouspöytäkirja	N	
kokouspäivä	N	
kokoelmatila	N	
kokoaja	N	
kokeilutoiminta	N	
koivukangas	N	
koekäyttö	N	
kiviaines	N	
kivennäisnäyte	N	
kirkkolauluryhmä	N	
kirkkojärjestys	N	
kirkkohallitus	N	
kirjoituskurssi	N	
kirjoitustyö	N	
kirjainyhdistelmä	N	
kilpailutehtävä	N	
kilpa	N	
kiitospuhe	N	
kiinteistövarallisuus	N	
kielioppiohjelma	N	
kielikylpytoiminta	N	
kielikylpymetodi	N	
kielistrategia	N	
kesätyöntekijä	N	
kesätyöntekijä	N	
keskusteluilmapiiri	N	
keskuspaikka	N	
keski-	N	
keskirautakausi	N	
keskiläpimitta	N	
keräys	N	
kelirikko	N	
kelivuono	N	
kehityspolitiikka	N	
kehittämistoimi	N	
kehittämisrahasto	N	
kehittämisohje	N	
kehittämishanki	N	
katsantokanta	N	
katkismus	N	
kasvillisuustyyppi	N	
kasvillisuusluokka	N	
kasvatusarvo	N	
kaste-ohjelma	N	
karttalehdes	N	
kantatila	N	
kantama-aika	N	
kantamalli	N	
kansikuva	N	
kansanpuku	N	
kansallispuistoalue	N	
kanjonireitti	N	
kanalintukanta	N	
kanalintukanta	N	
kallonahka	N	
kalliosaari	N	
kalenterivuosi	N	
kalastusvuorokausi	N	
kalastuspaikko	N	
kalastuskäytös	N	
kalastusjärjestely	N	
kalastusasia	N	
kalastenolainen	N	
kalatauti	N	
kalaseita	N	
kaivosasia	N	
kaistale	N	
kahvileipä	N	
järjestötoiminta	N	
juontajapari	N	
jumalanpalveluselämä	N	
julkisyhteisö	N	
juhlapuku	N	
juhlajumalanpalvelus	N	
joulunaika	N	
jokihelmisimpukka	N	
jokiosuus	N	
jatkosuunnitteluohje	N	
jatkorahoitushakemus	N	
jatkoprojekti	N	
jama	N	
itäkoillinen	N	
itsestäänselvyys	N	
isosisko	N	
irtautuma	N	
intressitaho	N	
intohimo	N	
internet-sivusto	N	
internet-sivusta	N	
ilmoittelu	N	
ilmastonmuutosasia	N	
ikuisuus	N	
ihmisoikeuslainsäädäntö	N	
ihmisarvo	N	
häviämisvaara	N	
häviäminen	N	
hätäkeskus	N	
hämmästys	N	
hyödyntämisarvo	N	
hyväksymisneuvottelu	N	
hyvinvointistrategi	N	
huostaanotto	N	
huoltolupa	N	
houkutuseläin	N	
hoivapalvelu	N	
hoitokieli	N	
hevijoiku-yhtye	N	
herbaario	N	
henkilöstöpolitiikka	N	
henkilöstökulu	N	
henkilömäärä	N	
helmikirjonta	N	
helmirannerengas	N	
heitto	N	
havumetsävyöhyke	N	
hautauspuhe	N	
hautapaikka	N	
harvennushakkuu	N	
harjujensuojelualue	N	
harjoitusalue	N	
hanketyöntekijä	N	
hallintotyöntekijä	N	
hallintokulu	N	
hakumenettely	N	
hakemisto	N	
guru	N	
geologi	N	
folkmusiikki	N	
festivaalivieras	N	
feedback	N	
eväste	N	
evankeliumiteksti	N	
euroviisu	N	
etäsukukieli	N	
eturivi	N	
esitemateriaali	N	
esipuhe	N	
esiprojekti	N	
esikoulutoiminta	N	
esiintymislämpiö	N	
esikoulutoiminta	N	
eränkäynti	N	
erävaellus	N	
eräsetti	N	
erälukio	N	
erotuspaikka	N	
erityistuomioistuin	N	
erityistuomioistuin	N	
erityisteema	N	
erityisolosuhteet	N	
erityisolosuhde	N	
erikoistumislinja	N	
epätietoisuus	N	
ennätysyleisö	N	
ennakkoäänestys	N	
englanninkieli	N	
energiastrategia	N	
enemmistöpäätös	N	
elvytysmenetelmä	N	
elokuvafestivaalit	N	
elokuvailta	N	
elintila	N	
elinpiiri	N	
elinkeinorahasto	N	
ele	N	
ekologia	N	
eilinen	N	
ei-venäläinen	N	
ehdotuskuori	N	
edustajisto	N	
eduskuntasanasto	N	
edistämistyö	N	
dnro	N	
direktiivilaji	N	
deminutiivijohdos	N	
bussikuljetus	N	
buffetti	N	
budjettirahoitus	N	
budjettineuvottelu	N	
blogimerkintä	N	
blogikirjoitus	N	
biodiversiteettitoimenpide	N	
biodiversiteettitavoite	N	
avustustoimi	N	
avanto	N	
avajaispäivä	N	
avajaisjumalanpalvelus	N	
avajais-	N	
avainasema	N	
avainministeri	N	
autuus	N	
auttaja	N	
asutushistoria	N	
asumismalli	N	
asuinympäristö	N	
assimiloitumisprosessi	N	
asiasisältö	N	
asianesittelytehtävä	N	
asiakkuus	N	
asiakaskunta	N	
asiakaspalaute	N	
asentopaikka	N	
asemakaavoitus	N	
arvopohja	N	
arviointisuunnitelma	N	
aro	N	
arkkitehtuurikeskustelu	N	
arkkitehtisuunnittelu	N	
antimet	N	
analyysityökalu	N	
alkutalvi	N	
alkuperäisteksti	N	
alkulähde	N	
alkukevät	N	
akuuttivastaanotto	N	
akuuttihoito	N	
aktiviteetti	N	
aikamatka	N	
aikaansaannos	N	
ahmakanna	N	
