		
1. juledag		joulupäivä
1. mai tog		vappukulkue
2. juledag		tapaninpäivä
abbor		ahven
agurk		kurkku
ake i bakken		laskea mäkeä
akebakke		pulkkamäki
akebrett		pulkka
akte		aikoa
albue		kyynärpää
album		albumi
alle		kaikki
aller største		kaikkein suurin
allerede		jo
alltid		aina
alm		jalava
Alta		Alattio
altetende		kaikkiruokainen
altså		siis
ambulanse		ambulanssi
amerikansk		amerikkalainen
ananas		ananas
anbefale		suositella
andre		muita
andre		toinen
andre juledag		
andre, de andre 		muut
ankel		nilkka
annen, annet 		muu, muille
ape		apina
appelsin		appelsiini
appelsinjus		appelsiinimehu
aprikos		aprikoosi
april		huhtikuu
arbeid, på arbeid		töissä 
arbeider		työläinen
areal		pinta-ala
arm		käsivarsi
armhule		kainalo
artig		hauska 
artig		kiva
artisjokk		artisokka
asjett		leipälautanen
asjett		pikkulautanen
ask		saarni
asp		haapa
asparges		parsa
at		että
august		elokuu
av og til		joskus
avis		lehti
avokado		avokado
avsnitt		kappale
avstand		välimatka
baby		vauva
bacon		pekoni
bade		kylpeä
badebukse		uimahousut
badedrakt		uimapuku
badeland		kylpylä
badstue		sauna
badstueris		vasta (sauna)
bagasje		matkalaukku
bagett		patonki
bake		leipoa
bakst		leivonta
balalaika		balalaikka
balet		baletti
ball		pallo
ballbloms		kullero
ballong		ilmapallo
balltre		maila
banan		banaani
banjo		banjo
bank		pankki
banke		koputtaa
bare		vain
bare kom		tule vain
bare på skøy		ihan muuten vaan
barn 		lapsi
barnebarn		lapsenlapsi
barnevogn		lastenvaunut
barskog		havumetsä
bart, mustasje		viikset
basere seg		perustua
begrense		rajata
begynne		alkaa
begynne		aloittaa
begynner å brenne		syttyy tulipalo
bein		luu
bekjent 		tuttu
bekk		puro
bekken		lantio
belte		vyö
benk		penkki
berg, fjell		vuori
berlinerbolle		munkki
bestemme		määrätä
bestemor		mummo
besøk, gå på besøk		kylään, mennä kylään
besøk, på besøk		käydä kylässä
besøke		kyläillä
besøke		käydä
besøke		käydä kylässä
betale		maksaa
bety		tarkoittaa
bevege seg		liikkua
bibliotek		kirjasto
biceps		hauis
biff		pihvi
bil		auto 
bil født		syntyä
bilde, foto		valokuva
bilderamme		valokuvakehys
bilferje		autolautta
billig		halpa
billig, billigere, billigst		halpa
binders		liitin
bite		purra
bjørk		koivu
bjørn		karhu
bjørnebær		karhunvatukka
blad		lehti
blant annet		muun muassa , mm
ble travelt		tuli hoppu
bli kjent med		tutustua
bli sint		suuttua
bli varende		jäädä
bli, bli stor 		tulla, tulla isoksi
blod		veri
blodappelsin		veriappelsiini
blodpølse		verimakkara
blokkfløyte		nokkahuilu
blomkål		kukkakaali
blomster		kukka
blonde		pitsi
bluse		paitapusero
bluse		pusero
blyant		lyijykynä
blyantspisser  	kvesser	teroitin
bløtdyr		nilviäinen
blå		sininen
blåbær		mustikka
blåkveite		sinipallas
blåse		puhaltaa  
blåse, det båser		tuulee
blåsende		tuulinen
bo		asua
bobil		asuntoauto
boblejakke		toppatakki
bok		kirja
bokhandel		kirjakauppa
bokhylle		kirjahylly
bomme frites		ranskalaiset perunat
bomull		puuvilla
bongo		bongorumpu
bord		pöytä
bordtennis		pöytätennis
bort		pois
bortsett fra		paitsi
boysenbær		boysenmarja
bra vær		hyvä ilma
Bra, takk		Kiitos hyvää
brannbil		paloauto
brasme		lahna
bred		leveä
brei		leveä
brekke		katkaista
bremse		jarru
brenne		polttaa, poltamme
brev		kirje
bringe		tuoda
bringebær		vadelma
brisk, ener		kataja
brokkoli		parsakaali
bror		veli
bru		silta
brun		ruskea
brus		limsa
brus		limska
brus		limukka
brygge		laituri
bryllupsdag		hääpäivä
bryst		rinta
brystkasse		rintakehä
brystvorte		nänni
bryte		katkaista
bryter		katkaisin
bryting		paini
brød		leipä
brødkurv		leipäkori
brødskive		leipäviipale
bråke		mekastaa
Bugøynes		Pykeijä
bukk		pukki
bukser		housut
bursdag		syntymäpäivä
bus, rutebil		linja-auto
butikk		kauppa
by		kaupunki
bygg		ohra
bygge		rakentaa, rakensi
bytte, veksle		vaihtaa
bære		kantaa
bæsje		kakata
bønne		papu
Børselv		Pyssyjoki
børste		harja
børste		harjata hiukset
bøtte		sanko
både og 		sekä    ~    että
bål		kokko
bål		nuotio
bål		nuotio
båt		laiva
båt		vene
caps		lippalakki
caps		lippis
CD-plate		Cd-levy
cello		sello
chili		chili
cirka		noin
cola		kola
croissant		kroissantti
cruiser		risteilyalus
cymbal		symbaali
da		silloin
da 		sitten
daddel		taateli
dag		päivä
dal		laakso
dans		tanssi
danse		tanssia
datamaskin		tietokone
dataspill		tietokonepeli
dataspill		tietsikkapeli
datter		tytär
DC-spøker		CD-soitin
de har		heillä on
de, om dyr og gjenstander		ne
de, om mennesker		he
deg		sinua
deg		sinut
dekorere		koristella
delfin		delfiini
demning		pato
den /det har 		sillä on
den dag i dag		tänäkin päivänä
den ene		yksi
den/ det  der		tuo
den?		tuoko?
denne		tämä
denne/ dette er		tämä on
der		siellä
der fins det		siellä on
dere har 		teillä on
dere ikke		ette
dere, til /for dere		te, teille
deres 		heidän
deres 		teidän
derfor		siksi
desember		joulukuu
dessert		jälkiruoka
det er fint å bli kjent med deg		hauska tutustua
Det er jo fint!		Onpa kiva!
det er jo rart...		onpa kummallista
det er kjedelig		on tylsää
Det er lenge siden!		Pitkästä aikaa!
det er/var varmt		on/oli lämmintä
det regner		sataa vettä
det sies		sanotaan
det var en gang		olipa kerran
dill		tilli
dirigent		kapellimestari
disig		sumuinen
disse		nämä
dit		sinne
do		vessa
domkirke		tuomiokirkko
dongeribukse		farkut
dra		lähteä
drake, 		leija
drikke		juoda
drikke		juoma
drikkeflaske		juomapullo
drive på med sport		urheilla
drive på med turn		jumpata
drosje		taksi
drue		viinirypäle
drøfte		pohtia
drømme		uneksia
du		sinä
du er ikke		et ole
du har 		sinulla on
dum		tyhmä
dusje		käydä suihkussa
dusk		töyhtö 
dusk		tupsu
DVD-spiller		DVD-soitin
dykk		sukellus
dykke 		sukeltaa
dyne		täkki
dynetrekk		pussilakana
dyp		syvä
dyp tallerken		syvälautanen
dyr		eläin
dytte		työntää
dø		kuolla
dør		ovi
dørhåndtak		ovenkahva
dørklokke		ovikello
dårlig		huono
dårlig vær		huono ilma
dårlig, dårlige		huono
egen, eget		oma
egg		kananmuna
egg		muna
eggerøre		munakokkeli
eid		kannas
eier		omistaja
eik		tammi
ekko		kaiku
elbass		sähkökitara
elev		oppilas
elevråd		oppilasneuvosto/-kunta
elg		hirvi
elgitar		sähköbasso
eller		tai
eller		vai
elv		joki
en dag		yhtenä päivänä
enda		vielä
enda, selv om		vaikka
endelig		vihdoinkin
eng		niitty
eng		niitty
engelsk		englanti
enn		kuin
Enn med deg?		Entä sinulle
ennå		vielä 
eplepai		omenapiirakka
eplesaft		omenamehu
e-post		sähköposti
er		olla
ert		herne
ertesuppe		hernekeitto
Estland		Viro
et bilde, bilder		kuva, kuvia
etter	etterpå	jälkeen
etter det		sitten
etter det, etterpå		sen jälkeen
etter min mening		minun mielestäni
ettermiddag		iltapäivä
etterpå		sitten
etterpå		sen jälkeen 
etterpå, så		sitten
Europa		Eurooppa, Euroopassa
Europeiske Union		Euroopan Unioni
fag		aine
falle		kaatua
falle		pudota
fallskjerm		laskuvarjo
familie		perhe
fange		ottaa kiinni
fange		pyydystää
fantasi		fantasia
far		isä
far borte		kaukana
fargeblyant		värikynä
farsdag		isänpäivä
fast (tid når du ikke spiser)		paasto
faste		paastota
fastelavn		laskiainen
fastelavnsbolle		laskiaispulla
fastsette		määrätä
favoritt		lempi-
favoritt fag		lempiaine
favorittmat		lempiruoka
feber		kuume
februar		helmikuu
feiebrett		rikkalapio
feire, vi feirer		juhlia
feiring		juhlat
ferie		loma
ferje		lautta
fersken		persikka
fest		juhlat
festet		kiinni
fett		rasva
fiken		viikuna
film		elokuva
filt, pledd		huopa
fin		ihana
Finland		Suomi
finne		löytää
finnebiff		poronkäristys
finnes		löytyä
finnes, det finnes		on
finnmarkspors		suopursu
finsk		suomalainen
finsk		suomi
fint å se deg		kiva nähdä sinua
fint å se deg!		ihana nähdä
fiolin		viulu
fisk		kala
fiske		kalastaa
fisker		kalastaja
fiskeri		kalastus
fiskeskjell		suomu
fiskestang		onki
fjell		tunturi
fjell, på fjellet		tunturissa
fjellrype		kiiruna
fjelltopp		huippu
fjord		vuono
fjære		laskuvesi
flagg		lippu
flaggdag		liputuspäivä
flere, mer		enemmän
flire		nauraa
flo		nousuvesi
flokk		lauma
fly		lentokone
fly		lentää
fly, fly drake		lennättää , lennättää leijaa
flygel		flyygeli
flyndre		kampela
flytte		muuttaa
fløte		kerma
fløtegratinerte poteter		kermaperunat
fløyel		sametti
folkeeventyr		kansansatu
folkemuseum		kansanmuseo
folkesagn		kansanlaulu
folketall		asukasluku
for lenge siden		kauan aikaa sitten
for å handle		ostoksille
for å spise		syömään
fordi		koska
forestilling		näytös
forfatter		kirjailija
forkle		esiliina
forkle		essu
formel		formula
formiddag		aamupäivä
forskjellig		eri
forstå		ymmärtää
forsvunnet (kvensk)		kadonu
fortelle		kertoa, kertoo
fortelling		kertomus
fortsette		jatkaa
foss		koski
foss, vannfall		vesiputous
fossefall		vesiputous
fot		jalka
fotball		futis
fotball		jalkapallo
fra jorda		maasta
fra morgen til kveld		aamusta iltaan
fra/herifra		täältä
framkomstmiddel		kulkuväline
fransk		ranska
fredag		perjantai
fremkomstmiddel		kulkuneuvo
fremme		perillä
fridag		vapaapäivä
friminutt		välitunti
frisk		terve
frokost		aamupala
frokostblanding		aamiaismurot
frost		pakkanen
fruktkompott		hedelmäkiisseli
fuglebrett		lintulauta
full		täysi
full av		täynnä
fullt med		täyteen
fundere		miettiä
furu		mänty
fylke		lääni
fyll		täyte
fylle		täyttää
fysisk aktivitet		liikunta
fødselsdag		syntymäpäivä
fødselsfest		syntymäjuhla
følge		seurata
føll		varsa
før		ennen
først		ensimmäinen
først		ensin
først nå		vasta
første juledag		joulupäivä
første mai		vappu
første mai tog		kulkue
få		saada
får 		karitsa
får i kål		lammaskaali
gaffel		haarukka
gammel		vanha
gammel, eldre		vanha, vanhempi
gang		käytävä
gangetabell		kertotaulu
ganske		aika
ganske artig		ihan kivaa
Ganske bra.		Ihan hyvää.
gardin		verho
gate		katu
gatekjøkken		grilli
gaupe		ilves
gave		lahja
geit		vuohi
geiterams		maitohorsma
gi		antaa
gi råd, veilede		neuvoa
gikk		kulki
gitar		kitara
gjedde		hauki
gjemme seg		mennä piiloon
gjenbruke		kierrättää
gjennom		läpi
gjennomsnittlig		keskimäärin
gjøre, lage		tehdä
glad		iloinen
glass		lasi
gli		liukua
glo, på glørne		hiillos, hiilloksella
gnagere		jyrsijä
god		hyvä
godt, bra		hyvin
godteri		karkki
golv		lattia
grad, nivå		aste
grader nord		pohjoista leveyttä
gran		kuusi
granateple		graniittiomena
gresskar		kesäkurpitsa
gresskar		kurpitsa
grill		grilli
grille		grillata
gris		sika
grunnlov		perustuslaki
gryteklut		pannulappu
grønnsak		vihannes
grøt		puuro
gråor		harmaaleppä
gråte		itkeä
gubbe		ukko
guide		opas
gulrot		porkkana
gulrotstuing (ovnsbakt)		porkkanalaatikko
gummibukse		kurahousut
gummibåt		kumivene
gummistøvel		kumisaapas
gutt		poika
gymlærer		liikunnanopettaja
gynge, slingre		keinua
gyngestol		keinutuoli
gyte		kutea
gøy		hauska 
gå		kävellä
gå dra		mennä
gå i stykker		hajota
gå ned  	sola går ned	laskea, aurinko laskee
gå på aerobic		käydä aerobicissa
gå på butikk		käydä 
gå på kino		käydä elokuvissa
gå på ski		hiihtää
gå på skøyter		luistella
gå på tur		retkeillä
gård		piha
gårdsbruk		maatila
gås		hanhi
Ha det!		Heippa!
ha som hobby		harrastaa
hake		leuka 
hale		häntä
hals		kurkku
halvsokk		nilkkasukka
halvøy		niemimaa
hamburger		hampurilainen
han		hän
han har		hänellä on
hanndyr		uros
hans  		hänen
har du løst (på)		haluatko
hard		kova
hare		jänis
harpe		harppu
hatt		hattu
hauk, falk		haukka
hav, sjø		meri
havn		satama
havre		kaura
havregrøt		kaurapuuro
havørn		merikotka
hegg		tuomi
hei		terve
heis		hissi
hekle		virkata
heks		noita
hele		koko
hele dagen		koko päivän
hele tiden		koko ajan
hele uken		koko viikon
helg		viikonloppu
helikopter		helikopteri
helligdag		pyhäpäivä
helsesenter		terveysasema
helsesenter		terveyskeskus
hennes		hänen
her		tässä
her		täällä
her fins det		täällä on
herlig		ihana
herme		matkia
herme		matkia
herske		hallita
hest 		hevonen
hestekjerre		hevoskärryt
hettegenser		huppari
hilsen		terveisiä
hingst		ori
historie		historia
hit		tänne
hjelm		kypärä
hjelpe		auttaa
hjem		koti
hjem, gå hjem		kotiin, mennä  kotiin
hjemme		kotona
hjemme fra 		kotoa
hjemmelaget limonade,		sima
hjemsted		kotipaikka
hjort		peura
hjul		pyörä
hode		pää
hodepine		päänsärky
holde		pidellä
holde		pitää
holder på å leke		leikkimässä
holder på å spille		pelaamassa
honning		hunaja
hoppe		hypätä
hoppe		hyppiä
hoppe paradis		hyppiä ruutua
hoppe Subs		tamma
hoppe tøy		hyppiä narua
hoppetau		hyppynaru
hos		luona
hoste		yskä
hovedperson		päähenkilö
hovedstad		pääkaupunki
hud		iho
hull		reikä
hulrom		onkalo
hun		hän
hun har		hänellä on
hund		koira
hundespann		koiravaljakko
hurtig		nopeasti
husholdning		kotitalous
huske		muistaa
hva		mikä
hva koster		paljonko maksaa
hva skal det være		Mitä saisi olla
hva slags		minkälainen
hvem		ketä
hvem		kuka
hvem i flertall		ketkä
hver dag		joka päivä
hverdag		arkipäivä
hvete		vehnä
hvis		jos
hvit		valkea
hvitløk		valkosipuli
hvitvin		valkoviini
hvor		missä
hvor  mye		paljonko
hvor fra		mistä
hvor hen		minne
hvor mange		montako
hvordan		kuinka
hvordan		kuinka
hvordan		miten
hvordan		minkälainen
Hvordan går det?		Mitä kuuluu?
hvorfor		miksi
hvorfra		mistä
hyggelig å møte deg		kiva tavata
hyggelig å treffes!		Hauska tavata!
hykle		teeskennellä
hyle		ulvoa
hyling		ulvonta
hytte		mökki
hæl		kantapää
høne		kana
høre		kuulla
hører til		kuuluu
høst		syksy
høstferie		syysloma
høy		korkea
høy		korkea
høy		korkea
høy, høyere, høyest		korkea
høydehopp		korkeushyppy
høytid		juhla
høyttaler		kaiutin
hånd		käsi
håndarbeid		käsityö
håndbagasje		käsimatkatavara
håndball		käsipallo
håndflate		kämmen
håndledd		ranne
hår		hiukset
hår		tukka
hår, hårstrå		hius
i dag		tänään
i elva		jokeen
i elva		jokehen
i går		eilen
i innsjøen		järvessä
i møte		vastaan
i sjette trinn		kuudennella luokalla
i syvende		seitsemännellä
i tillegg		lisäksi
idrettshall		liikuntahalli
igjen		taas
ikke		ei
ikke (ikke gjør noe)		älä
ikke, nei		ei
indianer		intiaani
ingefær		inkivääri
ingen		ei kukaan 
innbygger		asukas
inne		sisällä
innsjø		järvi
innsjø, på innsjøen		järvellä
instrument		soitin
intervju		haastattelu
is		jää
isfiske		pilkkiä
ishockey		jääkiekko
iskrem		jäätelö, jäätelöä
iskrem		jäätelö
iskremkjeks		jäätelötötterö
iskremporsjon		jäätelöannos
ispinne		jäätelöpuikko
isse		päälaki
jakt		metsästys
jakte		metsästää
januar		tammikuu
jeans		farkut
jeep		maastoauto
jeg   ikke		en
jeg også		minäkin
jente		tyttö
jerv		ahma
jetfly		suihkukone
jetjager		suihkuhävittäjä
jevn		tasainen
jobb		työ
jobb, gå på jobb		työ, mennä töihin
jobb, på jobb		töissä 
joggedress		verkkarit
joggesko		lenkkari
jogurt		jogurtti
jord		maa
jordbær		mansikka
jordbæris		mansikkajäätelö
judo		judo
jul		joulu
julaften		jouluaatto
julebakst med svisker 		joulutorttu
julemat		jouluruoka
julesang		joululaulu
juleskinke		joulukinkku
juletre		joulukuusi
juli		heinäkuu
juni		kesäkuu
jus		tuoremehu
kabriolet		avoauto
kadaver		raato
kafé		kahvila
kaffe		kahvi
kaffebord		kahvipöytä
kaffekopp		kahvikuppi
kai		laituri
kajakk		kajakki
kakao		kaakao
kake		kakku
kaldt		kylmä
kalt		kylmä
kamel		kameli
kamp		taistelu
Kan jeg få regningen?		Saanko laskun?
kan jeg få...		saanko...
kanne		kannu
kano		kanootti
kanskje		ehkä
kanskje		kai
kanskje, muligens		varmaan
kantarell		kanttarelli
kantele		kantele
kapers		kapris
karate		karate
karbohydrat		hiilihydraatti
kardiganjakke		neuletakki
karelsk pirog		karjalanpiirakka
kart		kartta
kasserolle		kattila
kassett		kasetti
kaste		heittää
kaste opp 		oksentaa
katt		kissa
kilde		lähde
kinakål		kiinankaali
kinn		poski
kino		elokuvateatteri
kino		leffa
kiosk		kioski
kirke		kirkko
kirsebær		kirsikka
kiste		arkku
kiwi		kiivi
kjedelig		tylsä
kjedelig, sløv		tylsä
kjedelig, trist		ikävä
kjekk, fin		komea
kjeks		keksi
kjele		kattila
kjelke		kelkka
kjempe		jättiläinen
kjenne		tuntea, tunnet
kjent		tunnettu, tunnettuja
kjeve		leukapieli
kjole		mekko
kjøkken		keittiö
kjølig		viileä
kjøpe		ostaa
kjøre		ajaa
kjøre bil		ajaa autoa
kjøretøy		kulkuneuvo
kjøtt		liha
kjøttbolle		lihapulla
kjøttdeig		jauheliha
kjøttmeis		talitiainen
klage		valittaa
klappe		taputtaa
klarinett		klarinetti
klasse		luokka
klasserom		luokkahuone
kle		pukea
kle av seg		riisuuntua
kle seg ut		pukeutua, pukeutuvat
klesbutikk		vaatekauppa
kleshenger		vaateripustin
klesskap		vaatekaappi
klima		ilmasto
klimaforandring		ilmastonmuutos
klok, s. vis		
klok, vis		viisas
klokke		kello
klær		vaate
kløver		apila
knagger rekke		naulakko
knapp		näppäin
kne		polvi
knehase		polvitaive
knekt av	delt i to	poikki
kniv		veitsi
knølhval		ryhävalas
koffert		matkalaukku
koke		keittää
kokosnøtt		kookospähkinä
kolle, fare		vaara
kom		tuli
kom hit		tule tänne
kom hit		tulkaa tänne
Kom og hjelp!		Tule auttamaan!
komme		tulla
komme		tulla
komme inn 		päästä
komme på		keksiä
komme seg løs		lähteä/ päästä irti
kommer til å savne		tulee ikävä
kommode		lipasto
kommode		piironki
kommode		laatikosto
kommunen		kunta
kompott		kiisseli
kone		vaimo
konge		kuningas
kongekrabbe		kuningasrapu
kongeørn		maakotka
konkurrere		kilpailla
konkurrent		kilpailija
konkurrere		kilpailla
konkurrere		kilpailla
kontaktlærer		luokanvalvoja
kontor		konttori
kontrabass		kontrabasso
kopp		kuppi
kor		kuoro
korn		vilja
kort		kortti
kort		lyhyt
kort, kortere, kortest		lyhyt
kortspill		korttipeli
kortstokk		korttipakka
koselig		kiva
kost		luuta
kraftig, stor		tukeva
kragebein		solisluu
krakk		jakkara
kranbil		hinausauto
kransekake		tornikakku
krem		kermavaahto
krepse		ravustaa
krepsing		ravustus
kreve		vaatia
krig		sota
Kristi himmelfartsdag		helatorstai
kritt		liitu
krokodille		krokotiili
kroppsdel		ruumiinosa
kroppsøving		liikunta
krus		muki
krøkle		kuore
kråke		varis
ku		lehmä
kulde		pakkanen
kuldegrad		pakkasaste
kulepenn		kuulakärkikynä
kulturmelk		piimä
kunne		voida
kunne		osata
kunne, en kan, det er mulig å 		voida
kunst og håndverk		kuvaamataito
kunstfiber		tekokuitu
kunstig innsjø		tekojärvi
kurvball		koripallo
kurvball		koris
kutte		leikata
kveite		ruijanpallas
kveld		ilta
kveld, i kveld		ilta, tänä iltana
kveld, på kvelden		illalla
kven		kveeni
kvensk		kveeni
kvensk		kveeniä
kvikt		reippaasti
kvinne		nainen
kylling		tipu
kylling		broileri
kysse		pussata
kysse		suudella
kyst		rannikko
kål		kaali
kålrabistuing (ovnsbakt)		lanttulaatikko
kålrot		lanttu
la oss bli kjent		tutustutaan
lader		laturi
lage mat		tehdä ruokaa
lagune		laguuni
lake		made
laken		lakana
laks		lohi
Lakselv		Lemmijoki
lampe		lamppu
land		maa
landsby		kylä
landskapsvern		maisemansuojelu
lang		pitkä
lang		pitkä
lang, lengre, lengst		pitkä
langfingeren		keskisormi
langfredag		pitkäperjantai
langrenn		maastohiihto
langt borte		kaukana
Lappland		Lappi
lasagne		lasagne
lastebil		kuorma-auto
lav		matala
le		nauraa
ledelse		johto
leder		päämies
lege		lääkäri
legg		laittaa
legg		sääri
leie		vuokrata
leie		vuokrata
lek		leikki
leke		leikkiä
leke gjemsel		leikkiä piilosta
leketøy		lelu
lekser		läksy
lem		raaja
lenestol		nojatuoli
lengdehopp		pituushyppy
lenge		kauan
lenge		pitkään
lens		linssi
leppe		huuli
lerketre		lehtikuusi
lese		lukea
lete		etsiä
lett		helppo
lett		kevyt
lever		maksa
ligge		sijaita
like		tykätä
like		pitää
lillefinger		pikkurilli
lillefinger		pikkusormi
lillesøster		pikkusisko
lime		limetti
limousin		limusiini
lin		pellava
lind		lehmus
linjal		viivoitin
lins		linssi
liten		pieni
litt		vähän
lodde		villakuore
love		luvata
LP-plate		lp-levy
lue		myssy
luftskip		ilmalaiva
lukke, sperre		sulkea
lukte, snuse		haistaa
lunde		lunni
lur		ovela
lutfisk		lipeäkala
lykke		onni
lykkelig		onnellinen
lys		valo
lys		vaalea
lysestake		kynttiläjalka
lyst		valoisa
lytte		kuunnella
lære		opettaa
lære		oppia
lære seg		opetella
lærer		opettaja
løk		sipuli
lønn (tre)		vaahtera
løp		juoksu
løpe		juosta
løpe		juosta
lørdag		lauantai
løve		leijona
løvetann		voikukka
låne		lainata
lår		reisi
lås		lukko
låve		lato
madrass		patja
mage		vatsa
mai		toukokuu
mais		maissi
male		maalata
maleri		maalaus
mandag		maanantai
mandarin		mandariini
mandel		manteli
mandolin		mandoliini
mange		monet (flertall bestemt)
mange		monta
mange, mange biler		paljon, paljon autoja
mango		mango
mann		mies
marakas		marakasisi
marmelade		marmeladi
mars		maaliskuu
mat		ruoka
matematikk		matematiikka
matpakke		eväät
matte		matto 
med		kanssa, isän kanssa (med far), perhhen kanssa (med familien)
med dere		teidän kanssanne
med, ta  med		mukaan, ottaa mukaan
meite, fiske		onkia
melk		maito
melkeringe		viili
melkeveien		linnunrata
melsekk		jauhopussi
men		mutta
men		vaan
mennesker		ihminen
mens skjorte		kauluspaita
meny		ruokalista
mer, flere		enemmän
middag		keskipäivä
middelstor		keksikokoinen
midje		vyötärö
midnattssol		keskiyön aurinko
midtsommer		keskikesä
mikrofon		mikrofoni
min		minun
mineralvann		kivennäisvesi
mineralvann		mineraalivesi
miniskjørt		minihame
minne		muistuttaa
miste	sette ned 	pudottaa
mobbing		kiusaaminen
mobil		känny, kännykkä
mobiltelefon		matkapuhelin
modig		rohkea
molte		lakka
molte		suomuurain
moped		mopo
mopp		moppi
mor		äiti
mor (kvensk)		muori
morgen		aamu
morgen , i morgen		huomenna
morgen, på morgenen		aamulla
morgenmat		aamupala
morgenside		aamuyö
morsdag		äitienpäivä
morsmål		äidinkieli
morsom		hauska 
morsom		hauska
mosjon		kuntoilu
mot		kohti
motorsykkel		moottoripyörä
muffins		muffini
muligens		ehkä, varmaankin
multebærsyltetøy		lakkahillo
munn		suu
munnspill		huuliharppu
murstein		tiili
mus		hiiri
musikk		musiikki
musikk-klasse		musiikkiluokka
musikktime		musiikki tunti
muskel		lihas
mustasje		viikset
mye, mye snø		paljon, paljon lunta
mye, sterkt		kovasti
myk		pehmeä
mynt		kolikko
myr		suo
myrull		suovilla
mysli		mysli
mørk, mørke		tumma, tummat
mørkerøde		tummanpunainen
mørketid		kaamos
mørkt		pimeä
møte		tavata
møteplass		kohtauspaikka
måke		lokki
måne		kuu
mårhund		supikoira
måtte		pitää
måtte		täytyä
måtte		pitää
nabo		naapuri
nakke		niska
nappe		napata
nasjonaldag		kansallispäivä
nasjonaldyr		kansalliseläin
nasjonalfugl		kansallislintu
nasjonalsang		kansallislaulu
natt		yö
natt, på natten		yöllä
nattbord		yöpöytä
natur		luonto
natur- og miljøfag		luonnontieto
navle, pol		napa
navn		nimi
navnedag		nimipäivä
ned		alas
negl		kynsi
nektarin		nektariini
nepe		nauris
nes		niemi
nese		nenä
neste		ensi 
neste		seuraava
neste uke , år 		ensi viikko, vuosi
nettbrett, tablett		tabletti
nettopp		juuri
niese		sisarentytär
nise		pyöriäinen
nisse		tonttu
niste		eväs
niste		eväät
noe		jotain
noe		jotakin
noen		joku
noen ganger		joskus
noen ting		mitään
nok		tarpeeksi
nord-		pohjois-
nord, nordlig		pohjoinen
Norden		Pohjoismaat
Nord-Finland		Pohjois-Suomi
nordisk land		pohjoismaa
nordlys		revontuli
nordvest, fjære		luode
nordvestlig		luoteinen
nordøst, nordøstlig		koillinen
Norge		Norja
norsk		norjalainen
norsk (språk)		norja
note		nuotti
november		marraskuu
ny		uusi
ny		uusi
ny, nyere , nyest		uusi
nyfødt		vastasyntynyt
nype		ruusunmarja
nyte		nauttia
nytt år		uusi vuosi
nøkkel		avain
nøkkelskap		avainkaappi
nøye		tarkka
nå		nyt
når		jolloin
når (spørrende)		milloin
når, da, at		kun
offisiell		virallinen
ofte		usein
og så		ja sitten
også		myös
også når		silloinkin
okay, klart		selvä
oktober		lokakuu
olabukse		farmarihousut
oliven		oliivi
olje		öljy
om vinteren		talvella
ond		paha
onkel (fars bror)		setä
onkel (mors bror)		eno
onsdag		keskiviikko
opp		ylös
oppdage		huomata
oppdrettslaks		kasvatuslohi
oppgave		tehtävä
oppløse		hajottaa
oppover		ylöspäin
ord		sana
orgel		urut
orke		jaksaa
orkester		orkesteri
oss, til /for oss 		me, meille
ost		juusto
osteburger		juustohampurilainen
ostehøvel		juustohöylä
over		yli
overbredsel		peitto
overnatte		olla yötä
overveie		pohtia
ovnsbakt ost		uunijuusto
ovnsbakt ruggrøt		mämmi
ovnsform		uunivuoka
pakke		pakata
pakke		paketti
palmesøndag		palmusunnuntai
panne		otsa
pannekake		lettu
paprika		paprika
paraply		sateensuoja
paraply		sateenvarjo
pasjonsfrukt		passiohedelmä
passe, pleie		hoitaa
pastinakk		palsternakka
peis		takka
peke		osoittaa
pekefinger		etusormi
pen		kaunis
pengeenhet		rahayksikkö
penger		raha
pepper		pippuri
pepperkake		piparkakku
persille		persilja
person		henkilö
piano		piano
pinse		helluntai
pipe		piippu
pistasj		pistaasipähkinä
pizza		pitsa
planet		planeetta
planlegge	tenke å gjøre noe	aikoa
planlegge		suunnitella
plante		kasvi
planteeter		kasvinsyöjä
plass		paikka
plass for handlingene		tapahtumapaikka
plast		muovi
plate, diskos, pøkk		kiekko
platespiller		levysoitin
plomme		luumu
plott		juoni
plugg		pistoke (töpseli)
plukke bær		poimia  marjoja 
plukke, sanke		poimia
pol, nord pol		napa
polarsirkel		napapiiri
politibil		poliisiauto
politistasjon		poliisiasema
pommes frites		ranskalaiset
ponni		poni
popcorn		popcorn
porsjon		annos
posjert egg		uppomuna
post		posti
poste		postittaa
potet		peruna
potetgull		perunalastu
potetmos		perunamuusi
potetstuing (ovnsbakt)		perunalaatikko
praktfull		komea
prate		jutella
president		presidentti
presidentens slott		presidentin linna
prestekrage		päivänkakkara
propell		potkuri
protein		valkuaisaine
publikum		yleisö
pulk		ahkio
pulk		pulkka
pult		pulpetti
purre		purjo
pute		tyyny
putevar		tyynyliina
pynt		koriste
pynte		koristella
pyntegjenstand		koriste-esine
pære		päärynä
pære (lyspære)		hehkulamppu
pølse		makkara
pølse i brød		hodari
pølse med brød		nakkisämpylä
pølsebiter m. pommes frites		makkaraperunat
på bakken		maassa
på nordsiden		pohjoispuolella
på, over		päällä
påminne		muistuttaa
påske		pääsiäinen
påskebål		pääsiäiskokko
påskedag		pääsiäispäivä
påskegress		rairuoho
påskemesse		pääsiäismessu
påvirke		vaikuttaa
radiator		lämpöpatteri
radio		radio
rakett		ohjus
rakett		raketti, raketteja
rar		kummallinen
rattkjelke		rattikelkka
redde		pelastaa
reddik		retiisi
referere til 		viitata
regjere		hallita
regn		vesisade
regn, nedbør		sade
regnbueørret		kirjolohi
regne	senke	laskea
regnfull		sateinen
regnkappe		sadetakki
reinsdyr	aske	poro
reise		matkustaa
reise seg		nousta
reisebyrå		matkatoimisto
reke		katkarapu
rekke		ehtiä
rekke opp handa		viitata
rekord		ennätys
rektor		rehtori
renne		virtaa
resirkulere,		kierrättää
restaurant		ravintola
retning		suunta
retning, ta retning		suunta, sunnnata
rett, riktig, høyre		oikea
rev		kettu
riktig		oikein
rim, regle		loru
rimfrost		huurre
ringe, telefonere		soittaa
ringfinger, navnløs		nimetön
rips		punaherukka
rips		viinimarja
risgryn		riisiryyni
risgrøt		riisipuuro
RLE		elämänkatsomustieto
robust		roteva
robåt		soutuvene
rogn		pihlaja
rom		huone
romferje		avaruussukkula
rope		huutaa
ros		ruusu
rosenkål		ruusukaali
rosin		rusina
rot		juuri
rug		ruis
rugbrød		ruisleipä
ruggrøt		ruispuuro
rullebrett		rullalauta
rulleskøyte		rullaluistin
rullestol		pyörätuoli
rumpeball		pakara
rundstykke		sämpylä
russer, russisk		venäläinen
russisk		venäjä
rute		ruutu
rute		reitti
rutebil, buss		bussi
rydde		siivota
rygg		selkä
ryllik		siankärsämö
rype		riekko
rødbete		punajuuri
rødbete salat		rosolli
rødkål		punakaali
rødvin		punaviini
rømmekolle		viili
røsslyng		kanerva
saft		mehu
saksofon		saksofoni
salat		salaatti
same		saamen kieli
samfunnsfag		yhteiskuntaoppi
samisk (om mennesker)		saamelainen
samisk (språk)		saame
sammen		yhdessä
samtidig		yhtä aikaa
sandal		sandaali
sang		laulu
sanke		poimia
sankthans		juhannus
sankthansaften		juhannusaatto
sankthansbål		juhannuskokko
sankthansdagen		juhannuspäivä
sau		lammas
savne		olla ikävä
se		katsoa
se		nähdä
se !		katso
se på 		katsoa TV:tä
sei		sei
seilbåt		purjelaiva
seilbåt		purjevene
sekkepipe		säkkipilli
selge		myydä
selje		paju 
selje		myydä
seljekvist		pajunoksa
selleri		selleri
selv		itse
selv om		vaikka
selvfølgelig		tietenkin
selvfølgelig		totta kai!
selvstendig		itsenäinen
selvstendighet		itsenäisyys 
selvstendighetsdag		itsenäisyyspäivä
sende		lähettää
seng		sänky
sentrum		keskusta
september		syyskuu
serpentin		serpentiini
sertifikat		ajokortti
serviett		lautasliina
serviett		servietti
severdighet		nähtävyys
severdigheter		nähtävyyksiä
shorts		sortsit
si		sanoa
side, flanke		kylki
sideelv		sivujoki
sik		siika
sikker		varma
sikkert		varmasti
sild		silli
siste		viimeinen
sisten		hippa
sitron		sitruuna
sjampinjong		herkkusieni
sjenere seg		ujostella
sjette		kuudes
sjokolade		suklaa
sjokolade-egg		suklaamuna
sjokoladeis		suklaajäätelö
skal det være... ?		saako olla... ?
skalldyr		äyriäinen
skap		kaappi
skapning		olento
skattefri		veroton
ski		sukset
ski		suksi
skihopp		mäkihyppy
skikkelig		todella
skiløp		hiihto
skinke		kinkku
skinne, sola skinner		paistaa, aurinko paistaa
skiskyting		ampumahiihto
skistøvel		mono
skjegg		parta
skjei		lusikka
skjerf		huivi
skjerf		kaulahuivi
skjerf		kaulaliina
skjerm		näyttö
skjære		harakka
skjære, klippe, kutte		leikata
skjærgård		saaristo
skjærtorsdag		kiirastorstai
skjørt		puolihame
skjørt		hame
skjøteledning		jatkojohto
sko		kenkä
skog		metsä
skogholt		metsikkö
skohylle		kenkäteline
skole		koulu
skoledag		koulupäivä
skolefag		oppiaine
skolegård		koulun piha
skolekjøkken		kotitalousluokka
skolemat		kouluruoka
skor		kengät
skremmende		pelottava
skrike		itkeä
skriv til meg		kirjoittakaa minulle
skrive		kirjoittaa
skrivebord		kirjoituspöytä
skuffe		kola
skulder		hartia
skumring		hämärä
skuter		skootteri
sky		pilvi
skyet		pilvinen
skyte		ampua
skøyte		luistin
skøyting		luistelu
skål		kulho
slagskip		taistelulaiva
slalåm		laskettelu
slekt		suku
slektning		sukulainen
slektstre		sukupuu
slem		ilkeä
slem		ilkeä
slepper løs		pääsee irti
slik		näin
slik at		niin, että
slik, dermed		siten
slik, sånn her		tällainen
slippe inn		päästä sisään
slips		kravatti
slott		linna
sludd		räntä
sluddbyge 		räntäsade
slutt		loppu
slutt, på slutten		lopussa
sløyd, tresløyd		veisto
slå på/av		valot päälle/pois
slåss		tapella
slåsskamp		tappelu
smake		maistaa
Smakte maten?		Maistuiko ruoka?
smal		kapea
smekke	ishockey	lätkä
smellbonbon		paukkukaramelli
smerte		kipu
smerte		särky
smultkokt småkake		tippaleipä
smultring		donitsi
smykkeskrin		korulipas
smør		voi
smørblomst		niittyleinikki
smørbrød		voileipä
smøre		voidella
snakke	prate	puhua
snakkende		puhuva
snar 		nopea
snart		nopeasti
snart		pian, kohta
snellestang		virveli
snill		kiltti
snorke		kuorsata
snowboard		lumilauta
snu		kääntyä
snue		nuha
snø		lumi
snøbrett		lumilauta
snømann		lumiukko
snøskuter		moottorikelkka
snøvær		lumisade
sofa		sohva
sokk		sukka
sol		aurinko
sola skinner		aurinko paistaa
solbær		mustaherukka
solrik		aurinkoinen
som		joka
som		joka
som, liksom		kuin
sommer		kesä
sommerferie		kesäloma
sopp		sieni
sorg		suru
sove		nukkua
spagetti		spagetti
spansk		espanja
spark		potkukelkka
sparke		potkaista
sparke		potkutella
spasere		kävellä
spasertur		kävely
spebarn		sylilapsi
speil		peili
spekkhogger		miekkavalas
spennende		jännittävää
spill		peli, pelejä
spille		näytellä
spille		pelata
spille, ringe		soittaa
spinat		pinaatti
spire	kime	itu
spise		syödä
spotlight		kohdevalo
sprette		hyppiä
springe		juosta
språk		kieli
spurv		varpunen
spy		oksentaa
spøkelse		kummitus
spørre		kysyä
spørsmål		kysymys
stange		puskea
stat		valtio
statue		patsas
stearinlys		kynttilä
sted, punkt		kohta
stefar		isäpuoli
steinbit		kissakala
stek		paisti
steke		paistaa
stekepanne		paistinpannu
stekt egg		paistettu muna
stemor		äitipuoli
stengt		kiinni
stige		nousta
stige		tikkaat
stige, gå		astua
stikkelsbær		karviainen
stikkelsbær		karviaismarja
stikkontakt		pistorasia
stil 		aine
stilig		tyylikäs
stjerne		tähti
stjerneskudd		sädetikku
stoff 		aine
stol		tuoli
stopp		nousta ylös
stor		iso
stor		iso
stor		suuri
stor, større, størst		iso
stor, størst, størst		suuri
storm		myrsky
storskarv		merimetso
straks		heti
straks		heti
strand		ranta
strikke		neuloa
strykebrett		silityslauta
strykejern		silitysrauta
strøm		virta
strømming (liten sildfisk)		silakka
strømpebukse		sukkahousut
stue		olohuone
stup		jyrkänne
stygg		ruma
stykke		kappale
stykker, være i stykker		on rikki
stødig		tukeva
størrelse		koko
støvel		saapas, saappaat
støvlett		talvisaapas
stå opp		nousta
stå på ski		lasketella
sugerør		pilli
sukker		sokeri
sukkerert		sokeriherne
sukkertøy		karamelli
suksess		yleisömenestys
sulten		nälkä
sund		salmi
suppe		keitto
surkål		hapankaali
sushi		sushi
svamp		sieni
svane		joutsen
svar		vastaus
svare		vastata
svartbak		merilokki
svartor		tervaleppä
svensk		ruotsi
sverd		miekka
Sverige		Ruotsi
svin		sika
svømme		uida
svømmebasseng		uima-allas
svømmehall		uimahalli
svømmetrening		uimaharjoitukset
sy		ommella
syk		sairas
sykehus		sairaala
sykkel		polkupyörä
sykle		pyöräillä
syltet agurk		suolakurkku
syltetøy		hillo
syn		näkymä
synes, jeg synes		mielestä, minun mielestäni
synge		laulaa
synge i kor		laulaa kuorossa
særlig		etenkin
søle		kura
søndag		sunnuntai
sønn, gutt		poika
sør		etelä
Sør-Finland		Etelä-Suomi
sørlig		eteläinen
sørvest	lunsj	lounas
sørvestlig		lounainen
sørøst		kaakko
sørøstlig		kaakkoinen
søskenbarn, kusine, fetter		serkku
søster		sisko
søt		makea
søte hveteboller		pulla
søtingsmiddel		makeutusaine
så		kylvää
så		niin
såle		jalkapohja
sånn der 		noin
sånn som		niin kuin
ta		ottaa
ta	levere	viedä
ta badstue		käydä saunassa
ta badstue		saunoa
ta en dusj, dusje		käydä suihkussa
taco		taco
tak		katto
tall 		luku
tallerken		lautanen
tallet, på .. tallet		luvulla
tamburin		tamburiini
tandemsykkel		tandempyörä
tann		hammas
tante		täti
tapet		tapetti
tarm		suoli
tastatur		näppäimistö
tau		naru
tavle, maleri		taulu
te		tee
teater		teatteri
tegne		piirtää
tegning		piirustus
tekstilformingsklasse		käsityöluokka
tele		routa
telefon		puhelin
telefonere		soittaa puhelimella
tenke		miettiä
tenke 		ajatella
tenne		sytyttää
tenner		sytytin
tennis		tennis
ta fyr 		syttyä
teppebanker		mattopiiska
terne		tiira
terskel		kynnys
teskje		teelusikka
teskje		pikkulusikka
tevle		kilpailla
tid for handlingene		tapahtuma-aika
tid, tider, tidsperiode		aika
tidevann		vuorovesi
tidlig		aikaisin
tidlig		aikaisin
tigge		kerjätä
til		luokse
til (noen)		luo
til sammen		yhteensä
til slutt		lopuksi
tilpasse		sovittaa
time		tunti
time, i timen 		tunnilla
timeglass		tiimalasi
tinning		ohimo
tirsdag		tiistai
tisse		pissata
tjern		lampi
tjukk		paksu
tjukk, tjukkere, tjukkest		paksu
toalett		vessa
tobakk		tupakka
tog		kulkue
tog		juna
tom		tyhjä
tom		tyhjä
tomat		tomaatti
tomatjuis		tomaattimehu
tommel		peukalo
tomtebrygg		sima
topplue		pipo
torg		tori
torsdag		torstai
torsk		turska
tospråklig		kaksikielinen
tradisjon		perinne
tradisjonell		perinteinen
trampe		kolistella
trampe		tömistellä
trane		kurki
tranebær		karpalo
trapp		porras
trapp, trappegang		portaat
travel		kiire
trebein		puujalka
trekkbasun		vetopasuuna
trekke, dra		vetää
trekkspill		haitari
trenge		tarvita
triangel		triangeli
trikk		raitiovaunu
trillebår		kottikärryt
trist		surullinen
trist, sørgelig		surullinen
trivelig		mukava
tro		uskoa
troll		peikko
trollmann, heks		velho
tromme		rumpu
trommer		rumpusetti
trompet		trumpetti
true		uhata
truet		uhkaus
truge		lumikenkä
truser, underbukser		alushousut
trøtne		väsyä
tråkke		astua
t-skjorte		t-paita
tuba		tuuba
tube		tuubi
tundra		tundra
tung		painava
tunge, språk		kieli
tunnelbane		metro
tur		retki
tursekk		rinkka
tusen		tuhat
tusj		tussi
TV		televisio
TV		telkkari
TV-hylle		TV-hylly
tygge		pureskella
tyggegummi		purukumi
tykklegg		pohje
tyntøl		kalja
tyttebær		puolukka
tømmer		hirsi
tømmer		tukki
tørke		pyyhkiä
tørke tavle		pyyhkiä taulu
tørkestativ		kuivausteline
tørst		jano
tå		varvas
tåke		sumu
ubåt		sukellusvene
uer		puna-ahven
uhyre, monster		hirviö
uke		viikko
ukedager		viikonpäivä
ull		villa
ullgardigan		villatakki
ullgenser		villapaita
ulv		susi
under		alla
underarm		kyynärvarsi
undertrøye		aluspaita
undertøy		alusasu
ung		nuori
ung, unge		nuori
ungdomsskole		yläaste
unge		lapsi
universitet		yliopisto
urettferdig		epäreilu
ut		ulos
ute		ulkona
uten		ilman
utrolig		uskomaton
uår		katovuosi
Vadsø		Vesisaari
vakker, vakre		kaunis
valthorn		käyrätorvi
vandre		vaeltaa
vandre 		patikoida
vandring		vaellus
vanlig		yleinen
vann		järvi
vann		vesi
vannkraft		vesivoima
vannkraftverk		vesivoimala
vannmelon		vesimeloni
vannskuter		vesiskootteri
vanskelig		vaikea
var, det var		oli
vare		tavara
varebil		pakettiauto
varm		lämmin
varme-		lämpö-
varmegrad		lämpöaste
varmlufts ballong		kuumailmapallo
vase		maljakko
vaske		pestä
vaskekurv		pyykkikori
ved ishavskysten		jäämeren rannalla
ved siden		laidassa
vegg		seinä
veggklokke		seinäkello
vei		tie
vei, reise		matka
veksle		vaihtaa
veldig		kovin
veldig		todella
velkommen		tervetuloa
velling		velli
vende seg		kääntyä
venn		kaveri
venn		ystävä
vente		odottaa
verden		maailma
verdifull		arvokas
veske		laukku
vest		länsi
vestlig		läntinen
veve		kutoa
vi		me
vi har		meillä on
vi ikke		emme
vi ses		nähdään
vi spiser		syömme
vier, pil		paju
vik		lahti
viktig		tärkeä
Vil dere ha...?		haluaisitteko...?
vil du ha		haluatko
villdyrpark		villieläinpuisto
ville		haluta
villmark		erämaa
villrein		peura
vind		tuuli
vindu		ikkuna
vinne		voittaa
vinter		talvi
vinterferie		hiihtoloma
vinunderlig		ihana
virke		vaikuttaa
virkelig		todella
vis		viisas
vise		näyttää
visning, 		näyttö
visste du 		tiesitkö
vite		tietää
vogn		vaunu
vokse		kasvaa
volleyball		lentopallo
vond		paha
vond		paha
vott		lapanen
vurdere		arvioida
vurdere høyt		arvostaa
vurdere lavt		väheksyä
vær		ilma
være på jobb		olla töissä
være trett		väsyttää
være ute		olla ulkona
vågehval		lahtivalas
våpen		vaakuna
vår		kevät
vår (pronomen)		meidän
våren		keväällä
vårløk		kevätsipuli
wienerbrød		viineri
xylofon		ksylofoni
yrke		ammatti
yrkeslinje		ammattilinja /-koulu
ærfugl		haahka
ødelagt		rikki
ødelegge		tuhota
øl		olut
øre		korva
ørret		taimen
øse		kauha
øst		itä
østers		osteri 
østlig		itäinen
øy		saari
øye		silmä
å, akk		voi
Å, ja !		Ai niin!
åker		pelto
ål		ankerias
åpen		auki
åpne		aukaista
åpne		avata
år		vuosi
århundre, på 1900 tallet		vuosisata, 1900 luvulla
åtsel		haaska
		ulkoilla
