	
aamiaismurot	frokostblanding
aamu	morgen
aamulla	morgen, på morgenen
aamupala	frokost
aamupala	morgenmat
aamupäivä	formiddag
aamusta iltaan	fra morgen til kveld
aamuyö	morgenside
ahkio	pulk
ahma	jerv
ahven	abbor
Ai niin!	Å, ja !
aika	ganske
aika	tid, tider, tidsperiode
aikaisin	tidlig
aikaisin	tidlig
aikoa	akte
aikoa	planlegge
aina	alltid
aine	fag
aine	stil 
aine	stoff 
ajaa	kjøre
ajaa autoa	kjøre bil
ajatella	tenke 
ajokortti	sertifikat
alas	ned
Alattio	Alta
albumi	album
alkaa	begynne
alla	under
aloittaa	begynne
alusasu	undertøy
alushousut	truser, underbukser
aluspaita	undertrøye
ambulanssi	ambulanse
amerikkalainen	amerikansk
ammatti	yrke
ammattilinja /-koulu	yrkeslinje
ampua	skyte
ampumahiihto	skiskyting
ananas	ananas
ankerias	ål
annos	porsjon
antaa	gi
apila	kløver
apina	ape
appelsiini	appelsin
appelsiinimehu	appelsinjus
aprikoosi	aprikos
arkipäivä	hverdag
arkku	kiste
artisokka	artisjokk
arvioida	vurdere
arvokas	verdifull
arvostaa	vurdere høyt
aste	grad, nivå
astua	stige, gå
astua	tråkke
asua	bo
asukas	innbygger
asukasluku	folketall
asuntoauto	bobil
aukaista	åpne
auki	åpen
aurinko	sol
aurinko paistaa	sola skinner
aurinkoinen	solrik
auto 	bil
autolautta	bilferje
auttaa	hjelpe
avain	nøkkel
avainkaappi	nøkkelskap
avaruussukkula	romferje
avata	åpne
avoauto	kabriolet
avokado	avokado
balalaikka	balalaika
baletti	balet
banaani	banan
banjo	banjo
bongorumpu	bongo
boysenmarja	boysenbær
broileri	kylling
bussi	rutebil, buss
Cd-levy	CD-plate
CD-soitin	DC-spøker
chili	chili
delfiini	delfin
donitsi	smultring
DVD-soitin	DVD-spiller
ehkä	kanskje
ehkä, varmaankin	muligens
ehtiä	rekke
ei	ikke
ei	ikke, nei
ei kukaan 	ingen
eilen	i går
elokuu	august
elokuva	film
elokuvateatteri	kino
eläin	dyr
elämänkatsomustieto	RLE
emme	vi ikke
en	jeg   ikke
enemmän	flere, mer
enemmän	mer, flere
englanti	engelsk
ennen	før
ennätys	rekord
eno	onkel (mors bror)
ensi 	neste
ensi viikko, vuosi	neste uke , år 
ensimmäinen	først
ensin	først
Entä sinulle	Enn med deg?
epäreilu	urettferdig
eri	forskjellig
erämaa	villmark
esiliina	forkle
espanja	spansk
essu	forkle
et ole	du er ikke
etelä	sør
eteläinen	sørlig
Etelä-Suomi	Sør-Finland
etenkin	særlig
etsiä	lete
ette	dere ikke
että	at
etusormi	pekefinger
Euroopan Unioni	Europeiske Union
Eurooppa, Euroopassa	Europa
eväs	niste
eväät	matpakke
eväät	niste
fantasia	fantasi
farkut	dongeribukse
farkut	jeans
farmarihousut	olabukse
flyygeli	flygel
formula	formel
futis	fotball
graniittiomena	granateple
grillata	grille
grilli	gatekjøkken
grilli	grill
haahka	ærfugl
haapa	asp
haarukka	gaffel
haaska	åtsel
haastattelu	intervju
haistaa	lukte, snuse
haitari	trekkspill
hajota	gå i stykker
hajottaa	oppløse
hallita	herske
hallita	regjere
halpa	billig
halpa	billig, billigere, billigst
haluaisitteko...?	Vil dere ha...?
haluatko	har du løst (på)
haluatko	vil du ha
haluta	ville
hame	skjørt
hammas	tann
hampurilainen	hamburger
hanhi	gås
hapankaali	surkål
harakka	skjære
harja	børste
harjata hiukset	børste
harmaaleppä	gråor
harppu	harpe
harrastaa	ha som hobby
hartia	skulder
hattu	hatt
hauis	biceps
hauki	gjedde
haukka	hauk, falk
hauska	morsom
hauska 	artig
hauska 	gøy
hauska 	morsom
Hauska tavata!	hyggelig å treffes!
hauska tutustua	det er fint å bli kjent med deg
havumetsä	barskog
he	de, om mennesker
hedelmäkiisseli	fruktkompott
hehkulamppu	pære (lyspære)
heidän	deres 
heillä on	de har
heinäkuu	juli
Heippa!	Ha det!
heittää	kaste
helatorstai	Kristi himmelfartsdag
helikopteri	helikopter
helluntai	pinse
helmikuu	februar
helppo	lett
henkilö	person
herkkusieni	sjampinjong
herne	ert
hernekeitto	ertesuppe
heti	straks
heti	straks
hevonen	hest 
hevoskärryt	hestekjerre
hiihto	skiløp
hiihtoloma	vinterferie
hiihtää	gå på ski
hiilihydraatti	karbohydrat
hiillos, hiilloksella	glo, på glørne
hiiri	mus
hillo	syltetøy
hinausauto	kranbil
hippa	sisten
hirsi	tømmer
hirvi	elg
hirviö	uhyre, monster
hissi	heis
historia	historie
hiukset	hår
hius	hår, hårstrå
hodari	pølse i brød
hoitaa	passe, pleie
housut	bukser
huhtikuu	april
huippu	fjelltopp
huivi	skjerf
hunaja	honning
huomata	oppdage
huomenna	morgen , i morgen
huone	rom
huono	dårlig
huono	dårlig, dårlige
huono ilma	dårlig vær
huopa	filt, pledd
huppari	hettegenser
huuli	leppe
huuliharppu	munnspill
huurre	rimfrost
huutaa	rope
hyppiä	hoppe
hyppiä	sprette
hyppiä narua	hoppe tøy
hyppiä ruutua	hoppe paradis
hyppynaru	hoppetau
hypätä	hoppe
hyvin	godt, bra
hyvä	god
hyvä ilma	bra vær
hämärä	skumring
hän	han
hän	hun
hänellä on	han har
hänellä on	hun har
hänen	hans  
hänen	hennes
häntä	hale
hääpäivä	bryllupsdag
Ihan hyvää.	Ganske bra.
ihan kivaa	ganske artig
ihan muuten vaan	bare på skøy
ihana	fin
ihana	herlig
ihana	vinunderlig
ihana nähdä	fint å se deg!
ihminen	mennesker
iho	hud
ikkuna	vindu
ikävä	kjedelig, trist
ilkeä	slem
ilkeä	slem
illalla	kveld, på kvelden
ilma	vær
ilmalaiva	luftskip
ilman	uten
ilmapallo	ballong
ilmasto	klima
ilmastonmuutos	klimaforandring
iloinen	glad
ilta	kveld
ilta, tänä iltana	kveld, i kveld
iltapäivä	ettermiddag
ilves	gaupe
inkivääri	ingefær
intiaani	indianer
iso	stor
iso	stor
iso	stor, større, størst
isä	far
isänpäivä	farsdag
isäpuoli	stefar
itkeä	gråte
itkeä	skrike
itse	selv
itsenäinen	selvstendig
itsenäisyys 	selvstendighet
itsenäisyyspäivä	selvstendighetsdag
itu	spire
itä	øst
itäinen	østlig
ja sitten	og så
jakkara	krakk
jaksaa	orke
jalava	alm
jalka	fot
jalkapallo	fotball
jalkapohja	såle
jano	tørst
jarru	bremse
jatkaa	fortsette
jatkojohto	skjøteledning
jauheliha	kjøttdeig
jauhopussi	melsekk
jo	allerede
jogurtti	jogurt
johto	ledelse
joka	som
joka	som
joka päivä	hver dag
jokeen	i elva
jokehen	i elva
joki	elv
joku	noen
jolloin	når
jos	hvis
joskus	av og til
joskus	noen ganger
jotain	noe
jotakin	noe
joulu	jul
jouluaatto	julaften
joulukinkku	juleskinke
joulukuu	desember
joulukuusi	juletre
joululaulu	julesang
joulupäivä	1. juledag
joulupäivä	første juledag
jouluruoka	julemat
joulutorttu	julebakst med svisker 
joutsen	svane
judo	judo
juhannus	sankthans
juhannusaatto	sankthansaften
juhannuskokko	sankthansbål
juhannuspäivä	sankthansdagen
juhla	høytid
juhlat	feiring
juhlat	fest
juhlia	feire, vi feirer
jumpata	drive på med turn
juna	tog
juoda	drikke
juoksu	løp
juoma	drikke
juomapullo	drikkeflaske
juoni	plott
juosta	løpe
juosta	løpe
juosta	springe
jutella	prate
juuri	nettopp
juuri	rot
juusto	ost
juustohampurilainen	osteburger
juustohöylä	ostehøvel
jyrkänne	stup
jyrsijä	gnagere
jälkeen	etter
jälkiruoka	dessert
jänis	hare
jännittävää	spennende
järvellä	innsjø, på innsjøen
järvessä	i innsjøen
järvi	innsjø
järvi	vann
jättiläinen	kjempe
jää	is
jäädä	bli varende
jääkiekko	ishockey
jäämeren rannalla	ved ishavskysten
jäätelö	iskrem
jäätelö, jäätelöä	iskrem
jäätelöannos	iskremporsjon
jäätelöpuikko	ispinne
jäätelötötterö	iskremkjeks
kaakao	kakao
kaakko	sørøst
kaakkoinen	sørøstlig
kaali	kål
kaamos	mørketid
kaappi	skap
kaatua	falle
kadonu	forsvunnet (kvensk)
kahvi	kaffe
kahvikuppi	kaffekopp
kahvila	kafé
kahvipöytä	kaffebord
kai	kanskje
kaikkein suurin	aller største
kaikki	alle
kaikkiruokainen	altetende
kaiku	ekko
kainalo	armhule
kaiutin	høyttaler
kajakki	kajakk
kakata	bæsje
kakku	kake
kaksikielinen	tospråklig
kala	fisk
kalastaa	fiske
kalastaja	fisker
kalastus	fiskeri
kalja	tyntøl
kameli	kamel
kampela	flyndre
kana	høne
kananmuna	egg
kanerva	røsslyng
kannas	eid
kannu	kanne
kanootti	kano
kansalliseläin	nasjonaldyr
kansallislaulu	nasjonalsang
kansallislintu	nasjonalfugl
kansallispäivä	nasjonaldag
kansanlaulu	folkesagn
kansanmuseo	folkemuseum
kansansatu	folkeeventyr
kanssa, isän kanssa (med far), perhhen kanssa (med familien)	med
kantaa	bære
kantapää	hæl
kantele	kantele
kanttarelli	kantarell
kapea	smal
kapellimestari	dirigent
kappale	avsnitt
kappale	stykke
kapris	kapers
karamelli	sukkertøy
karate	karate
karhu	bjørn
karhunvatukka	bjørnebær
karitsa	får 
karjalanpiirakka	karelsk pirog
karkki	godteri
karpalo	tranebær
kartta	kart
karviainen	stikkelsbær
karviaismarja	stikkelsbær
kasetti	kassett
kasvaa	vokse
kasvatuslohi	oppdrettslaks
kasvi	plante
kasvinsyöjä	planteeter
kataja	brisk, ener
katkaisin	bryter
katkaista	brekke
katkaista	bryte
katkarapu	reke
katovuosi	uår
katso	se !
katsoa	se
katsoa TV:tä	se på 
kattila	kasserolle
kattila	kjele
katto	tak
katu	gate
kauan	lenge
kauan aikaa sitten	for lenge siden
kauha	øse
kaukana	far borte
kaukana	langt borte
kaulahuivi	skjerf
kaulaliina	skjerf
kauluspaita	mens skjorte
kaunis	pen
kaunis	vakker, vakre
kauppa	butikk
kaupunki	by
kaura	havre
kaurapuuro	havregrøt
kaveri	venn
keinua	gynge, slingre
keinutuoli	gyngestol
keittiö	kjøkken
keitto	suppe
keittää	koke
keksi	kjeks
keksikokoinen	middelstor
keksiä	komme på
kelkka	kjelke
kello	klokke
kengät	skor
kenkä	sko
kenkäteline	skohylle
kerjätä	tigge
kerma	fløte
kermaperunat	fløtegratinerte poteter
kermavaahto	krem
kertoa, kertoo	fortelle
kertomus	fortelling
kertotaulu	gangetabell
keskikesä	midtsommer
keskimäärin	gjennomsnittlig
keskipäivä	middag
keskisormi	langfingeren
keskiviikko	onsdag
keskiyön aurinko	midnattssol
keskusta	sentrum
kesä	sommer
kesäkurpitsa	gresskar
kesäkuu	juni
kesäloma	sommerferie
ketkä	hvem i flertall
kettu	rev
ketä	hvem
kevyt	lett
kevät	vår
kevätsipuli	vårløk
keväällä	våren
kiekko	plate, diskos, pøkk
kieli	språk
kieli	tunge, språk
kierrättää	gjenbruke
kierrättää	resirkulere,
kiinankaali	kinakål
kiinni	festet
kiinni	stengt
kiirastorstai	skjærtorsdag
kiire	travel
kiiruna	fjellrype
kiisseli	kompott
Kiitos hyvää	Bra, takk
kiivi	kiwi
kilpailija	konkurrent
kilpailla	konkurrere
kilpailla	konkurrere
kilpailla	konkurrere
kilpailla	tevle
kiltti	snill
kinkku	skinke
kioski	kiosk
kipu	smerte
kirja	bok
kirjahylly	bokhylle
kirjailija	forfatter
kirjakauppa	bokhandel
kirjasto	bibliotek
kirje	brev
kirjoittaa	skrive
kirjoittakaa minulle	skriv til meg
kirjoituspöytä	skrivebord
kirjolohi	regnbueørret
kirkko	kirke
kirsikka	kirsebær
kissa	katt
kissakala	steinbit
kitara	gitar
kiusaaminen	mobbing
kiva	artig
kiva	koselig
kiva nähdä sinua	fint å se deg
kiva tavata	hyggelig å møte deg
kivennäisvesi	mineralvann
klarinetti	klarinett
kohdevalo	spotlight
kohta	sted, punkt
kohtauspaikka	møteplass
kohti	mot
koillinen	nordøst, nordøstlig
koira	hund
koiravaljakko	hundespann
koivu	bjørk
kokko	bål
koko	hele
koko	størrelse
koko ajan	hele tiden
koko päivän	hele dagen
koko viikon	hele uken
kola	cola
kola	skuffe
kolikko	mynt
kolistella	trampe
komea	kjekk, fin
komea	praktfull
kontrabasso	kontrabass
konttori	kontor
kookospähkinä	kokosnøtt
koputtaa	banke
koripallo	kurvball
koris	kurvball
koriste	pynt
koriste-esine	pyntegjenstand
koristella	dekorere
koristella	pynte
korkea	høy
korkea	høy
korkea	høy
korkea	høy, høyere, høyest
korkeushyppy	høydehopp
kortti	kort
korttipakka	kortstokk
korttipeli	kortspill
korulipas	smykkeskrin
korva	øre
koska	fordi
koski	foss
koti	hjem
kotiin, mennä  kotiin	hjem, gå hjem
kotipaikka	hjemsted
kotitalous	husholdning
kotitalousluokka	skolekjøkken
kotoa	hjemme fra 
kotona	hjemme
kottikärryt	trillebår
koulu	skole
koulun piha	skolegård
koulupäivä	skoledag
kouluruoka	skolemat
kova	hard
kovasti	mye, sterkt
kovin	veldig
kravatti	slips
kroissantti	croissant
krokotiili	krokodille
ksylofoni	xylofon
kuin	enn
kuin	som, liksom
kuinka	hvordan
kuinka	hvordan
kuivausteline	tørkestativ
kuka	hvem
kukka	blomster
kukkakaali	blomkål
kulho	skål
kulki	gikk
kulkue	første mai tog
kulkue	tog
kulkuneuvo	fremkomstmiddel
kulkuneuvo	kjøretøy
kulkuväline	framkomstmiddel
kullero	ballbloms
kumisaapas	gummistøvel
kumivene	gummibåt
kummallinen	rar
kummitus	spøkelse
kun	når, da, at
kuningas	konge
kuningasrapu	kongekrabbe
kunta	kommunen
kuntoilu	mosjon
kuolla	dø
kuore	krøkle
kuorma-auto	lastebil
kuoro	kor
kuorsata	snorke
kuppi	kopp
kura	søle
kurahousut	gummibukse
kurki	trane
kurkku	agurk
kurkku	hals
kurpitsa	gresskar
kutea	gyte
kutoa	veve
kuu	måne
kuudennella luokalla	i sjette trinn
kuudes	sjette
kuulakärkikynä	kulepenn
kuulla	høre
kuuluu	hører til
kuumailmapallo	varmlufts ballong
kuume	feber
kuunnella	lytte
kuusi	gran
kuva, kuvia	et bilde, bilder
kuvaamataito	kunst og håndverk
kveeni	kven
kveeni	kvensk
kveeniä	kvensk
kylki	side, flanke
kylmä	kaldt
kylmä	kalt
kylpeä	bade
kylpylä	badeland
kylvää	så
kylä	landsby
kyläillä	besøke
kylään, mennä kylään	besøk, gå på besøk
kynnys	terskel
kynsi	negl
kynttilä	stearinlys
kynttiläjalka	lysestake
kypärä	hjelm
kysymys	spørsmål
kysyä	spørre
kyynärpää	albue
kyynärvarsi	underarm
kämmen	håndflate
känny, kännykkä	mobil
käsi	hånd
käsimatkatavara	håndbagasje
käsipallo	håndball
käsityö	håndarbeid
käsityöluokka	tekstilformingsklasse
käsivarsi	arm
kävellä	gå
kävellä	spasere
kävely	spasertur
käydä	besøke
käydä 	gå på butikk
käydä aerobicissa	gå på aerobic
käydä elokuvissa	gå på kino
käydä kylässä	besøk, på besøk
käydä kylässä	besøke
käydä saunassa	ta badstue
käydä suihkussa	dusje
käydä suihkussa	ta en dusj, dusje
käyrätorvi	valthorn
käytävä	gang
kääntyä	snu
kääntyä	vende seg
laakso	dal
laatikosto	kommode
laguuni	lagune
lahja	gave
lahna	brasme
lahti	vik
lahtivalas	vågehval
laidassa	ved siden
lainata	låne
laittaa	legg
laituri	brygge
laituri	kai
laiva	båt
lakana	laken
lakka	molte
lakkahillo	multebærsyltetøy
lammas	sau
lammaskaali	får i kål
lampi	tjern
lamppu	lampe
lantio	bekken
lanttu	kålrot
lanttulaatikko	kålrabistuing (ovnsbakt)
lapanen	vott
Lappi	Lappland
lapsenlapsi	barnebarn
lapsi	barn 
lapsi	unge
lasagne	lasagne
lasi	glass
laskea	regne
laskea mäkeä	ake i bakken
laskea, aurinko laskee	gå ned  
lasketella	stå på ski
laskettelu	slalåm
laskiainen	fastelavn
laskiaispulla	fastelavnsbolle
laskuvarjo	fallskjerm
laskuvesi	fjære
lastenvaunut	barnevogn
lato	låve
lattia	golv
laturi	lader
lauantai	lørdag
laukku	veske
laulaa	synge
laulaa kuorossa	synge i kor
laulu	sang
lauma	flokk
lautanen	tallerken
lautasliina	serviett
lautta	ferje
leffa	kino
lehmus	lind
lehmä	ku
lehti	avis
lehti	blad
lehtikuusi	lerketre
leija	drake, 
leijona	løve
leikata	kutte
leikata	skjære, klippe, kutte
leikki	lek
leikkimässä	holder på å leke
leikkiä	leke
leikkiä piilosta	leke gjemsel
leipoa	bake
leipä	brød
leipäkori	brødkurv
leipälautanen	asjett
leipäviipale	brødskive
leivonta	bakst
lelu	leketøy
Lemmijoki	Lakselv
lempi-	favoritt
lempiaine	favoritt fag
lempiruoka	favorittmat
lenkkari	joggesko
lennättää , lennättää leijaa	fly, fly drake
lentokone	fly
lentopallo	volleyball
lentää	fly
lettu	pannekake
leuka 	hake
leukapieli	kjeve
leveä	bred
leveä	brei
levysoitin	platespiller
liha	kjøtt
lihapulla	kjøttbolle
lihas	muskel
liikkua	bevege seg
liikunnanopettaja	gymlærer
liikunta	fysisk aktivitet
liikunta	kroppsøving
liikuntahalli	idrettshall
liitin	binders
liitu	kritt
limetti	lime
limsa	brus
limska	brus
limukka	brus
limusiini	limousin
linja-auto	bus, rutebil
linna	slott
linnunrata	melkeveien
linssi	lens
linssi	lins
lintulauta	fuglebrett
lipasto	kommode
lipeäkala	lutfisk
lippalakki	caps
lippis	caps
lippu	flagg
liputuspäivä	flaggdag
lisäksi	i tillegg
liukua	gli
lohi	laks
lokakuu	oktober
lokki	måke
loma	ferie
loppu	slutt
lopuksi	til slutt
lopussa	slutt, på slutten
loru	rim, regle
lounainen	sørvestlig
lounas	sørvest
lp-levy	LP-plate
luistella	gå på skøyter
luistelu	skøyting
luistin	skøyte
lukea	lese
lukko	lås
luku	tall 
lumi	snø
lumikenkä	truge
lumilauta	snowboard
lumilauta	snøbrett
lumisade	snøvær
lumiukko	snømann
lunni	lunde
luo	til (noen)
luode	nordvest, fjære
luokanvalvoja	kontaktlærer
luokka	klasse
luokkahuone	klasserom
luokse	til
luona	hos
luonnontieto	natur- og miljøfag
luonto	natur
luoteinen	nordvestlig
lusikka	skjei
luu	bein
luumu	plomme
luuta	kost
luvata	love
luvulla	tallet, på .. tallet
lyhyt	kort
lyhyt	kort, kortere, kortest
lyijykynä	blyant
lähde	kilde
lähettää	sende
lähteä	dra
lähteä/ päästä irti	komme seg løs
läksy	lekser
lämmin	varm
lämpö-	varme-
lämpöaste	varmegrad
lämpöpatteri	radiator
länsi	vest
läntinen	vestlig
läpi	gjennom
lätkä	smekke
lääkäri	lege
lääni	fylke
löytyä	finnes
löytää	finne
maa	jord
maa	land
maailma	verden
maakotka	kongeørn
maalata	male
maalaus	maleri
maaliskuu	mars
maanantai	mandag
maassa	på bakken
maasta	fra jorda
maastoauto	jeep
maastohiihto	langrenn
maatila	gårdsbruk
made	lake
maila	balltre
maisemansuojelu	landskapsvern
maissi	mais
maistaa	smake
Maistuiko ruoka?	Smakte maten?
maito	melk
maitohorsma	geiterams
makea	søt
makeutusaine	søtingsmiddel
makkara	pølse
makkaraperunat	pølsebiter m. pommes frites
maksa	lever
maksaa	betale
maljakko	vase
mandariini	mandarin
mandoliini	mandolin
mango	mango
mansikka	jordbær
mansikkajäätelö	jordbæris
manteli	mandel
marakasisi	marakas
marmeladi	marmelade
marraskuu	november
matala	lav
matematiikka	matematikk
matka	vei, reise
matkalaukku	bagasje
matkalaukku	koffert
matkapuhelin	mobiltelefon
matkatoimisto	reisebyrå
matkia	herme
matkia	herme
matkustaa	reise
matto 	matte
mattopiiska	teppebanker
me	vi
me, meille	oss, til /for oss 
mehu	saft
meidän	vår (pronomen)
meillä on	vi har
mekastaa	bråke
mekko	kjole
mennä	gå dra
mennä piiloon	gjemme seg
meri	hav, sjø
merikotka	havørn
merilokki	svartbak
merimetso	storskarv
metro	tunnelbane
metsikkö	skogholt
metsä	skog
metsästys	jakt
metsästää	jakte
miekka	sverd
miekkavalas	spekkhogger
mielestä, minun mielestäni	synes, jeg synes
mies	mann
miettiä	fundere
miettiä	tenke
mikrofoni	mikrofon
miksi	hvorfor
mikä	hva
milloin	når (spørrende)
mineraalivesi	mineralvann
minihame	miniskjørt
minkälainen	hva slags
minkälainen	hvordan
minne	hvor hen
minun	min
minun mielestäni	etter min mening
minäkin	jeg også
missä	hvor
mistä	hvor fra
mistä	hvorfra
miten	hvordan
Mitä kuuluu?	Hvordan går det?
Mitä saisi olla	hva skal det være
mitään	noen ting
monet (flertall bestemt)	mange
mono	skistøvel
monta	mange
montako	hvor mange
moottorikelkka	snøskuter
moottoripyörä	motorsykkel
mopo	moped
moppi	mopp
muffini	muffins
muistaa	huske
muistuttaa	minne
muistuttaa	påminne
muita	andre
mukaan, ottaa mukaan	med, ta  med
mukava	trivelig
muki	krus
mummo	bestemor
muna	egg
munakokkeli	eggerøre
munkki	berlinerbolle
muori	mor (kvensk)
muovi	plast
musiikki	musikk
musiikki tunti	musikktime
musiikkiluokka	musikk-klasse
mustaherukka	solbær
mustikka	blåbær
mutta	men
muu, muille	annen, annet 
muun muassa , mm	blant annet
muut	andre, de andre 
muuttaa	flytte
myrsky	storm
mysli	mysli
myssy	lue
myydä	selge
myydä	selje
myös	også
mäkihyppy	skihopp
mämmi	ovnsbakt ruggrøt
mänty	furu
määrätä	bestemme
määrätä	fastsette
mökki	hytte
naapuri	nabo
nainen	kvinne
nakkisämpylä	pølse med brød
napa	navle, pol
napa	pol, nord pol
napapiiri	polarsirkel
napata	nappe
naru	tau
naulakko	knagger rekke
nauraa	flire
nauraa	le
nauris	nepe
nauttia	nyte
ne	de, om dyr og gjenstander
nektariini	nektarin
nenä	nese
neuletakki	kardiganjakke
neuloa	strikke
neuvoa	gi råd, veilede
niemi	nes
niemimaa	halvøy
niin	så
niin kuin	sånn som
niin, että	slik at
niitty	eng
niitty	eng
niittyleinikki	smørblomst
nilkka	ankel
nilkkasukka	halvsokk
nilviäinen	bløtdyr
nimetön	ringfinger, navnløs
nimi	navn
nimipäivä	navnedag
niska	nakke
noin	cirka
noin	sånn der 
noita	heks
nojatuoli	lenestol
nokkahuilu	blokkfløyte
nopea	snar 
nopeasti	hurtig
nopeasti	snart
Norja	Norge
norja	norsk (språk)
norjalainen	norsk
nousta	reise seg
nousta	stige
nousta	stå opp
nousta ylös	stopp
nousuvesi	flo
nuha	snue
nukkua	sove
nuori	ung
nuori	ung, unge
nuotio	bål
nuotio	bål
nuotti	note
nyt	nå
nähdä	se
nähdään	vi ses
nähtävyyksiä	severdigheter
nähtävyys	severdighet
näin	slik
näkymä	syn
nälkä	sulten
nämä	disse
nänni	brystvorte
näppäimistö	tastatur
näppäin	knapp
näytellä	spille
näyttää	vise
näyttö	skjerm
näyttö	visning, 
näytös	forestilling
odottaa	vente
ohimo	tinning
ohjus	rakett
ohra	bygg
oikea	rett, riktig, høyre
oikein	riktig
oksentaa	kaste opp 
oksentaa	spy
olento	skapning
oli	var, det var
oliivi	oliven
olipa kerran	det var en gang
olla	er
olla ikävä	savne
olla töissä	være på jobb
olla ulkona	være ute
olla yötä	overnatte
olohuone	stue
olut	øl
oma	egen, eget
omenamehu	eplesaft
omenapiirakka	eplepai
omistaja	eier
ommella	sy
on	finnes, det finnes
on rikki	stykker, være i stykker
on tylsää	det er kjedelig
on/oli lämmintä	det er/var varmt
onkalo	hulrom
onki	fiskestang
onkia	meite, fiske
onnellinen	lykkelig
onni	lykke
Onpa kiva!	Det er jo fint!
onpa kummallista	det er jo rart...
opas	guide
opetella	lære seg
opettaa	lære
opettaja	lærer
oppia	lære
oppiaine	skolefag
oppilas	elev
oppilasneuvosto/-kunta	elevråd
ori	hingst
orkesteri	orkester
osata	kunne
osoittaa	peke
ostaa	kjøpe
osteri 	østers
ostoksille	for å handle
otsa	panne
ottaa	ta
ottaa kiinni	fange
ovela	lur
ovenkahva	dørhåndtak
ovi	dør
ovikello	dørklokke
paasto	fast (tid når du ikke spiser)
paastota	faste
paha	ond
paha	vond
paha	vond
paikka	plass
painava	tung
paini	bryting
paistaa	steke
paistaa, aurinko paistaa	skinne, sola skinner
paistettu muna	stekt egg
paisti	stek
paistinpannu	stekepanne
paitapusero	bluse
paitsi	bortsett fra
paju	vier, pil
paju 	selje
pajunoksa	seljekvist
pakara	rumpeball
pakata	pakke
paketti	pakke
pakettiauto	varebil
pakkanen	frost
pakkanen	kulde
pakkasaste	kuldegrad
paksu	tjukk
paksu	tjukk, tjukkere, tjukkest
paljon, paljon autoja	mange, mange biler
paljon, paljon lunta	mye, mye snø
paljonko	hvor  mye
paljonko maksaa	hva koster
pallo	ball
palmusunnuntai	palmesøndag
paloauto	brannbil
palsternakka	pastinakk
pankki	bank
pannulappu	gryteklut
paprika	paprika
papu	bønne
parsa	asparges
parsakaali	brokkoli
parta	skjegg
passiohedelmä	pasjonsfrukt
patikoida	vandre 
patja	madrass
pato	demning
patonki	bagett
patsas	statue
paukkukaramelli	smellbonbon
pehmeä	myk
peikko	troll
peili	speil
peitto	overbredsel
pekoni	bacon
pelaamassa	holder på å spille
pelastaa	redde
pelata	spille
peli, pelejä	spill
pellava	lin
pelottava	skremmende
pelto	åker
penkki	benk
perhe	familie
perillä	fremme
perinne	tradisjon
perinteinen	tradisjonell
perjantai	fredag
persikka	fersken
persilja	persille
peruna	potet
perunalaatikko	potetstuing (ovnsbakt)
perunalastu	potetgull
perunamuusi	potetmos
perustua	basere seg
perustuslaki	grunnlov
pestä	vaske
peukalo	tommel
peura	hjort
peura	villrein
pian, kohta	snart
piano	piano
pidellä	holde
pieni	liten
piha	gård
pihlaja	rogn
pihvi	biff
piimä	kulturmelk
piippu	pipe
piironki	kommode
piirtää	tegne
piirustus	tegning
pikkulautanen	asjett
pikkulusikka	teskje
pikkurilli	lillefinger
pikkusisko	lillesøster
pikkusormi	lillefinger
pilkkiä	isfiske
pilli	sugerør
pilvi	sky
pilvinen	skyet
pimeä	mørkt
pinaatti	spinat
pinta-ala	areal
piparkakku	pepperkake
pipo	topplue
pippuri	pepper
pissata	tisse
pistaasipähkinä	pistasj
pistoke (töpseli)	plugg
pistorasia	stikkontakt
pitkä	lang
pitkä	lang
pitkä	lang, lengre, lengst
pitkäperjantai	langfredag
Pitkästä aikaa!	Det er lenge siden!
pitkään	lenge
pitsa	pizza
pitsi	blonde
pituushyppy	lengdehopp
pitää	holde
pitää	like
pitää	måtte
pitää	måtte
planeetta	planet
pohje	tykklegg
pohjoinen	nord, nordlig
pohjois-	nord-
pohjoismaa	nordisk land
Pohjoismaat	Norden
pohjoispuolella	på nordsiden
Pohjois-Suomi	Nord-Finland
pohjoista leveyttä	grader nord
pohtia	drøfte
pohtia	overveie
poika	gutt
poika	sønn, gutt
poikki	knekt av
poimia	plukke, sanke
poimia	sanke
poimia  marjoja 	plukke bær
pois	bort
poliisiasema	politistasjon
poliisiauto	politibil
polkupyörä	sykkel
polttaa, poltamme	brenne
polvi	kne
polvitaive	knehase
poni	ponni
popcorn	popcorn
porkkana	gulrot
porkkanalaatikko	gulrotstuing (ovnsbakt)
poro	reinsdyr
poronkäristys	finnebiff
porras	trapp
portaat	trapp, trappegang
poski	kinn
posti	post
postittaa	poste
potkaista	sparke
potkukelkka	spark
potkuri	propell
potkutella	sparke
presidentin linna	presidentens slott
presidentti	president
pudota	falle
pudottaa	miste
puhaltaa  	blåse
puhelin	telefon
puhua	snakke
puhuva	snakkende
pukea	kle
pukeutua, pukeutuvat	kle seg ut
pukki	bukk
pulkka	akebrett
pulkka	pulk
pulkkamäki	akebakke
pulla	søte hveteboller
pulpetti	pult
puna-ahven	uer
punaherukka	rips
punajuuri	rødbete
punakaali	rødkål
punaviini	rødvin
puolihame	skjørt
puolukka	tyttebær
pureskella	tygge
purjelaiva	seilbåt
purjevene	seilbåt
purjo	purre
puro	bekk
purra	bite
purukumi	tyggegummi
pusero	bluse
puskea	stange
pussata	kysse
pussilakana	dynetrekk
puujalka	trebein
puuro	grøt
puuvilla	bomull
pyhäpäivä	helligdag
Pykeijä	Bugøynes
Pyssyjoki	Børselv
pyydystää	fange
pyyhkiä	tørke
pyyhkiä taulu	tørke tavle
pyykkikori	vaskekurv
pyöriäinen	nise
pyörä	hjul
pyöräillä	sykle
pyörätuoli	rullestol
päivä	dag
päivänkakkara	prestekrage
pää	hode
päähenkilö	hovedperson
pääkaupunki	hovedstad
päälaki	isse
päällä	på, over
päämies	leder
päänsärky	hodepine
päärynä	pære
pääsee irti	slepper løs
pääsiäinen	påske
pääsiäiskokko	påskebål
pääsiäismessu	påskemesse
pääsiäispäivä	påskedag
päästä	komme inn 
päästä sisään	slippe inn
pöytä	bord
pöytätennis	bordtennis
raaja	lem
raato	kadaver
radio	radio
raha	penger
rahayksikkö	pengeenhet
rairuoho	påskegress
raitiovaunu	trikk
rajata	begrense
rakentaa, rakensi	bygge
raketti, raketteja	rakett
ranne	håndledd
rannikko	kyst
ranska	fransk
ranskalaiset	pommes frites
ranskalaiset perunat	bomme frites
ranta	strand
rasva	fett
rattikelkka	rattkjelke
ravintola	restaurant
ravustaa	krepse
ravustus	krepsing
rehtori	rektor
reikä	hull
reippaasti	kvikt
reisi	lår
reitti	rute
retiisi	reddik
retkeillä	gå på tur
retki	tur
revontuli	nordlys
riekko	rype
riisipuuro	risgrøt
riisiryyni	risgryn
riisuuntua	kle av seg
rikkalapio	feiebrett
rikki	ødelagt
rinkka	tursekk
rinta	bryst
rintakehä	brystkasse
risteilyalus	cruiser
rohkea	modig
rosolli	rødbete salat
roteva	robust
routa	tele
ruijanpallas	kveite
ruis	rug
ruisleipä	rugbrød
ruispuuro	ruggrøt
rullalauta	rullebrett
rullaluistin	rulleskøyte
ruma	stygg
rumpu	tromme
rumpusetti	trommer
ruoka	mat
ruokalista	meny
ruotsi	svensk
Ruotsi	Sverige
rusina	rosin
ruskea	brun
ruumiinosa	kroppsdel
ruusu	ros
ruusukaali	rosenkål
ruusunmarja	nype
ruutu	rute
ryhävalas	knølhval
räntä	sludd
räntäsade	sluddbyge 
saada	få
saako olla... ?	skal det være... ?
saame	samisk (språk)
saamelainen	samisk (om mennesker)
saamen kieli	same
Saanko laskun?	Kan jeg få regningen?
saanko...	kan jeg få...
saapas, saappaat	støvel
saari	øy
saaristo	skjærgård
saarni	ask
sade	regn, nedbør
sadetakki	regnkappe
sairaala	sykehus
sairas	syk
saksofoni	saksofon
salaatti	salat
salmi	sund
sametti	fløyel
sana	ord
sandaali	sandal
sanko	bøtte
sanoa	si
sanotaan	det sies
sataa vettä	det regner
satama	havn
sateensuoja	paraply
sateenvarjo	paraply
sateinen	regnfull
sauna	badstue
saunoa	ta badstue
sei	sei
seinä	vegg
seinäkello	veggklokke
seitsemännellä	i syvende
sekä    ~    että	både og 
selkä	rygg
selleri	selleri
sello	cello
selvä	okay, klart
sen jälkeen	etter det, etterpå
sen jälkeen 	etterpå
serkku	søskenbarn, kusine, fetter
serpentiini	serpentin
servietti	serviett
setä	onkel (fars bror)
seuraava	neste
seurata	følge
siankärsämö	ryllik
siellä	der
siellä on	der fins det
sieni	sopp
sieni	svamp
siika	sik
siis	altså
siivota	rydde
sijaita	ligge
sika	gris
sika	svin
siksi	derfor
silakka	strømming (liten sildfisk)
silityslauta	strykebrett
silitysrauta	strykejern
silli	sild
silloin	da
silloinkin	også når
sillä on	den /det har 
silmä	øye
silta	bru
sima	hjemmelaget limonade,
sima	tomtebrygg
sininen	blå
sinipallas	blåkveite
sinne	dit
sinua	deg
sinulla on	du har 
sinut	deg
sinä	du
sipuli	løk
sisarentytär	niese
sisko	søster
sisällä	inne
siten	slik, dermed
sitruuna	sitron
sitten	da 
sitten	etter det
sitten	etterpå
sitten	etterpå, så
sivujoki	sideelv
skootteri	skuter
sohva	sofa
soitin	instrument
soittaa	ringe, telefonere
soittaa	spille, ringe
soittaa puhelimella	telefonere
sokeri	sukker
sokeriherne	sukkerert
solisluu	kragebein
sortsit	shorts
sota	krig
soutuvene	robåt
sovittaa	tilpasse
spagetti	spagetti
suihkuhävittäjä	jetjager
suihkukone	jetfly
sukellus	dykk
sukellusvene	ubåt
sukeltaa	dykke 
sukka	sokk
sukkahousut	strømpebukse
suklaa	sjokolade
suklaajäätelö	sjokoladeis
suklaamuna	sjokolade-egg
sukset	ski
suksi	ski
suku	slekt
sukulainen	slektning
sukupuu	slektstre
sulkea	lukke, sperre
sumu	tåke
sumuinen	disig
sunnuntai	søndag
suo	myr
suolakurkku	syltet agurk
suoli	tarm
suomalainen	finsk
Suomi	Finland
suomi	finsk
suomu	fiskeskjell
suomuurain	molte
suopursu	finnmarkspors
suositella	anbefale
suovilla	myrull
supikoira	mårhund
suru	sorg
surullinen	trist
surullinen	trist, sørgelig
sushi	sushi
susi	ulv
suu	munn
suudella	kysse
suunnitella	planlegge
suunta	retning
suunta, sunnnata	retning, ta retning
suuri	stor
suuri	stor, størst, størst
suuttua	bli sint
syksy	høst
sylilapsi	spebarn
symbaali	cymbal
syntymäjuhla	fødselsfest
syntymäpäivä	bursdag
syntymäpäivä	fødselsdag
syntyä	bil født
syttyy tulipalo	begynner å brenne
syttyä	ta fyr 
sytytin	tenner
sytyttää	tenne
syvä	dyp
syvälautanen	dyp tallerken
syyskuu	september
syysloma	høstferie
syödä	spise
syömme	vi spiser
syömään	for å spise
sädetikku	stjerneskudd
sähköbasso	elgitar
sähkökitara	elbass
sähköposti	e-post
säkkipilli	sekkepipe
sämpylä	rundstykke
sänky	seng
särky	smerte
sääri	legg
taas	igjen
taateli	daddel
tabletti	nettbrett, tablett
taco	taco
tai	eller
taimen	ørret
taistelu	kamp
taistelulaiva	slagskip
takka	peis
taksi	drosje
talitiainen	kjøttmeis
talvella	om vinteren
talvi	vinter
talvisaapas	støvlett
tamburiini	tamburin
tamma	hoppe Subs
tammi	eik
tammikuu	januar
tandempyörä	tandemsykkel
tanssi	dans
tanssia	danse
tapahtuma-aika	tid for handlingene
tapahtumapaikka	plass for handlingene
tapaninpäivä	2. juledag
tapella	slåss
tapetti	tapet
tappelu	slåsskamp
taputtaa	klappe
tarkka	nøye
tarkoittaa	bety
tarpeeksi	nok
tarvita	trenge
tasainen	jevn
taulu	tavle, maleri
tavara	vare
tavata	møte
te, teille	dere, til /for dere
teatteri	teater
tee	te
teelusikka	teskje
teeskennellä	hykle
tehdä	gjøre, lage
tehdä ruokaa	lage mat
tehtävä	oppgave
teidän	deres 
teidän kanssanne	med dere
teillä on	dere har 
tekojärvi	kunstig innsjø
tekokuitu	kunstfiber
televisio	TV
telkkari	TV
tennis	tennis
teroitin	blyantspisser  
tervaleppä	svartor
terve	frisk
terve	hei
terveisiä	hilsen
tervetuloa	velkommen
terveysasema	helsesenter
terveyskeskus	helsesenter
tie	vei
tiesitkö	visste du 
tietenkin	selvfølgelig
tietokone	datamaskin
tietokonepeli	dataspill
tietsikkapeli	dataspill
tietää	vite
tiili	murstein
tiimalasi	timeglass
tiira	terne
tiistai	tirsdag
tikkaat	stige
tilli	dill
tippaleipä	smultkokt småkake
tipu	kylling
todella	skikkelig
todella	veldig
todella	virkelig
toinen	andre
tomaatti	tomat
tomaattimehu	tomatjuis
tonttu	nisse
toppatakki	boblejakke
tori	torg
tornikakku	kransekake
torstai	torsdag
totta kai!	selvfølgelig
toukokuu	mai
t-paita	t-skjorte
triangeli	triangel
trumpetti	trompet
tuhat	tusen
tuhota	ødelegge
tukeva	kraftig, stor
tukeva	stødig
tukka	hår
tukki	tømmer
Tule auttamaan!	Kom og hjelp!
tule tänne	kom hit
tule vain	bare kom
tulee ikävä	kommer til å savne
tuli	kom
tuli hoppu	ble travelt
tulkaa tänne	kom hit
tulla	komme
tulla	komme
tulla, tulla isoksi	bli, bli stor 
tumma, tummat	mørk, mørke
tummanpunainen	mørkerøde
tundra	tundra
tunnettu, tunnettuja	kjent
tunnilla	time, i timen 
tuntea, tunnet	kjenne
tunti	time
tunturi	fjell
tunturissa	fjell, på fjellet
tuo	den/ det  der
tuoda	bringe
tuoko?	den?
tuoli	stol
tuomi	hegg
tuomiokirkko	domkirke
tuoremehu	jus
tupakka	tobakk
tupsu	dusk
turska	torsk
tussi	tusj
tuttu	bekjent 
tutustua	bli kjent med
tutustutaan	la oss bli kjent
tuuba	tuba
tuubi	tube
tuulee	blåse, det båser
tuuli	vind
tuulinen	blåsende
TV-hylly	TV-hylle
tyhjä	tom
tyhjä	tom
tyhmä	dum
tykätä	like
tylsä	kjedelig
tylsä	kjedelig, sløv
tyttö	jente
tytär	datter
tyylikäs	stilig
tyyny	pute
tyynyliina	putevar
työ	jobb
työ, mennä töihin	jobb, gå på jobb
työläinen	arbeider
työntää	dytte
tähti	stjerne
täkki	dyne
tällainen	slik, sånn her
tämä	denne
tämä on	denne/ dette er
tänne	hit
tänäkin päivänä	den dag i dag
tänään	i dag
tärkeä	viktig
tässä	her
täti	tante
täynnä	full av
täysi	full
täyte	fyll
täyteen	fullt med
täyttää	fylle
täytyä	måtte
täällä	her
täällä on	her fins det
täältä	fra/herifra
töissä 	arbeid, på arbeid
töissä 	jobb, på jobb
tömistellä	trampe
töyhtö 	dusk
uhata	true
uhkaus	truet
uida	svømme
uima-allas	svømmebasseng
uimahalli	svømmehall
uimaharjoitukset	svømmetrening
uimahousut	badebukse
uimapuku	badedrakt
ujostella	sjenere seg
ukko	gubbe
ulkoilla	
ulkona	ute
ulos	ut
ulvoa	hyle
ulvonta	hyling
uneksia	drømme
uppomuna	posjert egg
urheilla	drive på med sport
uros	hanndyr
urut	orgel
usein	ofte
uskoa	tro
uskomaton	utrolig
uunijuusto	ovnsbakt ost
uunivuoka	ovnsform
uusi	ny
uusi	ny
uusi	ny, nyere , nyest
uusi vuosi	nytt år
vaahtera	lønn (tre)
vaakuna	våpen
vaalea	lys
vaan	men
vaara	kolle, fare
vaate	klær
vaatekaappi	klesskap
vaatekauppa	klesbutikk
vaateripustin	kleshenger
vaatia	kreve
vadelma	bringebær
vaellus	vandring
vaeltaa	vandre
vai	eller
vaihtaa	bytte, veksle
vaihtaa	veksle
vaikea	vanskelig
vaikka	enda, selv om
vaikka	selv om
vaikuttaa	påvirke
vaikuttaa	virke
vaimo	kone
vain	bare
valittaa	klage
valkea	hvit
valkosipuli	hvitløk
valkoviini	hvitvin
valkuaisaine	protein
valo	lys
valoisa	lyst
valokuva	bilde, foto
valokuvakehys	bilderamme
valot päälle/pois	slå på/av
valtio	stat
vanha	gammel
vanha, vanhempi	gammel, eldre
vapaapäivä	fridag
vappu	første mai
vappukulkue	1. mai tog
varis	kråke
varma	sikker
varmaan	kanskje, muligens
varmasti	sikkert
varpunen	spurv
varsa	føll
varvas	tå
vasta	først nå
vasta (sauna)	badstueris
vastaan	i møte
vastasyntynyt	nyfødt
vastata	svare
vastaus	svar
vatsa	mage
vaunu	vogn
vauva	baby
vehnä	hvete
veisto	sløyd, tresløyd
veitsi	kniv
velho	trollmann, heks
veli	bror
velli	velling
vene	båt
venäjä	russisk
venäläinen	russer, russisk
verho	gardin
veri	blod
veriappelsiini	blodappelsin
verimakkara	blodpølse
verkkarit	joggedress
veroton	skattefri
vesi	vann
vesimeloni	vannmelon
vesiputous	foss, vannfall
vesiputous	fossefall
Vesisaari	Vadsø
vesisade	regn
vesiskootteri	vannskuter
vesivoima	vannkraft
vesivoimala	vannkraftverk
vessa	do
vessa	toalett
vetopasuuna	trekkbasun
vetää	trekke, dra
viedä	ta
vielä	enda
vielä 	ennå
vihannes	grønnsak
vihdoinkin	endelig
viikko	uke
viikonloppu	helg
viikonpäivä	ukedager
viikset	bart, mustasje
viikset	mustasje
viikuna	fiken
viileä	kjølig
viili	melkeringe
viili	rømmekolle
viimeinen	siste
viineri	wienerbrød
viinimarja	rips
viinirypäle	drue
viisas	klok, vis
viisas	vis
viitata	referere til 
viitata	rekke opp handa
viivoitin	linjal
vilja	korn
villa	ull
villakuore	lodde
villapaita	ullgenser
villatakki	ullgardigan
villieläinpuisto	villdyrpark
virallinen	offisiell
virkata	hekle
Viro	Estland
virta	strøm
virtaa	renne
virveli	snellestang
viulu	fiolin
voi	smør
voi	å, akk
voida	kunne
voida	kunne, en kan, det er mulig å 
voidella	smøre
voikukka	løvetann
voileipä	smørbrød
voittaa	vinne
vuohi	geit
vuokrata	leie
vuokrata	leie
vuono	fjord
vuori	berg, fjell
vuorovesi	tidevann
vuosi	år
vuosisata, 1900 luvulla	århundre, på 1900 tallet
vyö	belte
vyötärö	midje
väheksyä	vurdere lavt
vähän	litt
välimatka	avstand
välitunti	friminutt
värikynä	fargeblyant
väsyttää	være trett
väsyä	trøtne
yhdessä	sammen
yhteensä	til sammen
yhteiskuntaoppi	samfunnsfag
yhtenä päivänä	en dag
yhtä aikaa	samtidig
yksi	den ene
yleinen	vanlig
yleisö	publikum
yleisömenestys	suksess
yli	over
yliopisto	universitet
yläaste	ungdomsskole
ylös	opp
ylöspäin	oppover
ymmärtää	forstå
yskä	hoste
ystävä	venn
yö	natt
yöllä	natt, på natten
yöpöytä	nattbord
äidinkieli	morsmål
äiti	mor
äitienpäivä	morsdag
äitipuoli	stemor
älä	ikke (ikke gjør noe)
äyriäinen	skalldyr
öljy	olje
	andre juledag
	klok, s. vis
