olla	V	være
ei	V	ikke
saada	V	få
voida	V	kunne
tulla	V	komme
käyttää	V	bruke
tehdä	V	gjøre
pitää	V	skulle	holde
kuulua	V	høres
alkaa	V	begynne
toimia	V	agere	fungere
vastata	V	svare
sijaita	V	ligge	befinne seg
tuntea	V	kjenne	føle
perustaa	V	grunnlegge
ottaa	V	ta
johtaa	V	lede
syntyä	V	fødes
kuolla	V	dø
rakentaa	V	bygge
antaa	V	gi
tarkoittaa	V	mene	bety
seurata	V	følge
merkitä	V	merke	registrere
elää	V	leve
muodostaa	V	lage	forme
saattaa	V	følge	kunne
esittää	V	fremme	presentere
valita	V	velge	utpeke
jäädä	V	bli igjen
kirjoittaa	V	skrive
nähdä	V	se
kutsua	V	kalle	invitere	tilkalle
liittyä	V	knytte seg til
kasvaa	V	vokse
tapahtua	V	hende
nousta	V	heve seg
vaikuttaa	V	være
muuttaa	V	flytte	bytte	forandre
käydä	V	gå	besøke	fungere
sanoa	V	si
aiheuttaa	V	forårsake
joutua	V	havne
sisältää	V	inneholde
järjestää	V	organisere
aloittaa	V	begynne	få i gang
esiintyä	V	opptre	finnes
pyrkiä	V	streve etter
jakaa	V	dele
katsoa	V	titte
asua	V	bo
kertoa	V	fortelle
kehittää	V	utvikle
tuottaa	V	produsere
voittaa	V	vinne
päästä	V	slippe løs
suunnitella	V	planlegge
haluta	V	ville
hallita	V	rå over
lähteä	V	dra
vaatia	V	kreve
kulkea	V	vandre
löytää	V	finne
kuvata	V	fotografere	skildre
laskea	V	regne
osallistua	V	delta
puhua	V	snakke
päättää	V	bestemme
tuoda	V	bringe
tukea	V	støtte
jatkaa	V	fortsette
kehittyä	V	utvikle seg
periä	V	arve
pelata	V	spille
saavuttaa	V	innhente
tutkia	V	undersøke	forske på
tarvita	V	behøve
valmistaa	V	lage
muuttua	V	forandre seg
lähettää	V	sende
yhdistää	V	forene
ajaa	V	kjøre
arvioida	V	evaluere
hyväksyä	V	godta
valmistua	V	bli ferdig
näkyä	V	synes
ilmestyä	V	utkomme
mennä	V	gå	dra
nimittää	V	nevne
lisätä	V	legge til
yrittää	V	prøve
vaihdella	V	skifte
koostua	V	samles
erottaa	V	differensiere	skille
kestää	V	vare
ilmoittaa	V	publisere	erklære
määritellä	V	definere
pystyä	V	greie
saapua	V	ankomme
suorittaa	V	gjennomføre
myydä	V	selge
pysyä	V	forbli
havaita	V	oppdage
osoittaa	V	markere
lukea	V	lese
käsitellä	V	bearbeide	behandle
siirtää	V	flytte
päättyä	V	ta slutt
säilyä	V	bevares
vallata	V	ta	erobre
uskoa	V	tro
mainita	V	nevne
edustaa	V	forestå	representer
jättää	V	forlate
onnistua	V	lykkes
tavata	V	møtes
erota	V	skilles
nimetä	V	nevne
jatkua	V	fortsettes
löytyä	V	finnes
viedä	V	bringe bort
kärsiä	V	tåle	lide
tarjota	V	tilby
menettää	V	miste
muistuttaa	V	påminne
koskea	V	komme borti	berøre
keskittyä	V	konsentrere seg
näyttää	V	vise
toteuttaa	V	gjennomføre
levitä	V	bre seg
vastustaa	V	protestere
kieltää	V	gi avslag	forby
palata	V	snu	vende tilbake
syödä	V	spise
estää	V	hindre
määrätä	V	bestemme
väittää	V	hevde
johtua	V	betinges
julistaa	V	publisere
asettaa	V	plassere
työskennellä	V	arbeide
myöntää	V	innrømmæ
aleta	V	synke	falle sammen	gå ned
huomata	V	legge merke til		observere
huolia	V	godkjenne   bry seg om
todeta	V	fastslå	    påpeke
yhdistyä	V	forenes
tietää	V	vite
soittaa	V	ringe
kokea	V	erfare	oppleve
lopettaa	V	avslutte	slutte	legge ned	
hoitaa	V	stelle	pleie
nostaa	V	løfte
viitata	V	markere	peke på noe	rekke opp hånda
kannattaa	V	lønne seg
omistaa	V	eie
verrata	V	sammenligne
luopua	V	avstå	avgå	avskaffe
hyökätä	V	angripe
vahvistaa	V	styrke
maksaa	V	betale	koste
harjoittaa	V	øve	drive med
liikkua	V	bevege seg
avata	V	åpne
paeta	V	flykte
lentää	V	fly
oppia	V	lære
käsittää	V	forstå	omfatte
ostaa	V	kjøpe
riippua	V	henge
menestyä	V	lykkes
korvata	V	erstatte
ryhtyä	V	begynne
ohjata	V	styre
tuhota	V	nøytralisere
ymmärtää	V	forstå
sallia	V	tillate	
tuomita	V	dømme
hävitä	V	forsvinne	tape
vaihtaa	V	skifte
sataa	V	regne
selittää	V	forklare
hankkia	V	skaffe
ulottua	V	nå
kyetä	V	greie
taistella	V	kjempe
kohdata	V	treffe	møte
sijoittaa	V	sette
vähentää	V	forminske
kerrata	V	repetere
tappaa	V	drepe
rajoittaa	V	begrense
välttää	V	unngå
osata	V	kunne
syyttää	V	mistenke
mitata	V	måle
korostaa	V	betone
ympäröidä	V	omgi
riittää	V	vare
kerätä	V	samle
etsiä	V	leite
auttaa	V	hjelpe
kiertää	V	unngå	omgå
viettää	V	tilbringe	feire
ajatella	V	tenke
valloittaa	V	erobre
opettaa	V	undervise
kantaa	V	bære
hylätä	V	vrake	forkaste
sopia	V	høve
esitellä	V	framvise
kääntää	V	oversette
laajentaa	V	utvide
säilyttää	V	beholde
ylittää	V	krysse	overtreffe
lisääntyä	V	øke	forplante seg
painaa	V	trykke
kattaa	V	dekke
säätää	V	regulere	justere
kuulla	V	høre
ratkaista	V	løse
parantaa	V	forbedre
palvella	V	tjene	tjenestegjøre
tunnustaa	V	innrømme
noudattaa	V	følge
herättää	V	vekke
ylläpitää	V	holde i hevd
hyödyntää	V	utnytte
täyttää	V	fylle
selvittää	V	finne ut
kasvattaa	V	oppdra
niistää	V	snyte
vallita	V	råde
ehtiä	V	rekke
vapauttaa	V	slippe
edetä	V	utvikle seg
odottaa	V	vente
lyödä	V	slå
loppua	V	ta slutt
ilmaista	V	uttrykke
hakea	V	hente
lakkauttaa	V	avslutte
suunnata	V	flytte
laatia	V	ordne
sulkea	V	stenge	sperre av
ehdottaa	V	foreslå
puuttua	V	mangle	gripe inn
päätyä	V	slutte	komme til å
hajota	V	gå i stykker
kilpailla	V	konkurrere
asettua	V	stille seg	sette seg	legge seg
kuljettaa	V	frakte
ampua	V	skyte
maata	V	ligge
toimittaa	V	utrette
keksiä	V	finne på
arvostella	V	bedømme	kritisere
puolustaa	V	forsvare
synnyttää	V	føde
koota	V	samle
vetäytyä	V	trekke seg
epäillä	V	tvile
edistää	V	fremme
kääntyä	V	snu seg
virrata	V	strømme
kukistaa	V	overvinne
arvella	V	foreslå
vetää	V	dra
vierailla	V	besøke
heittää	V	kaste
olettaa	V	anta
varustaa	V	utruste
luvata	V	love
tulkita	V	tolke
edellyttää	V	forutsette
sotia	V	føre krig
tunnistaa	V	kjenne igjen
muistaa	V	huske
yleistyä	V	øke
peittää	V	dekke
pakottaa	V	tvinge
pyytää	V	be	begjære
kieltäytyä	V	nekte	avstå
epäonnistua	V	mislykkes
liikennöidä	V	trafikere
kulua	V	bli sliten	ta slutt
suojella	V	verne
kiinnittää	V	sette fast
määrittää	V	bestemme	angi
täytyä	V	måtte
selvitä	V	klarne	komme til besinnelse
ilmetä	V	vise seg      framgå
palaa	V	brenne
kohdistua	V	rette seg mot
haudata	V	begrave
suostua	V	gå med på
pudota	V	falle
laulaa	V	synge
kohota	V	stige
todistaa	V	bevise	bevitne	bekrefte
poistua	V	fjerne seg
nauttia	V	innta  nyte
kouluttaa	V	utdanne	lære opp
suojata	V	beskytte
matkustaa	V	reise
levittää	V	spre	utvide
päästää	V	slippe	befri
välittää	V	formidle	bry seg om
piirtää	V	tegne
kadota	V	forsvinne
uudistaa	V	fornye
polttaa	V	brenne
purkaa	V	ta fra hverandre	løse opp
sitoa	V	binde
omaksua	V	tilegne seg
kaatua	V	falle
vaihtua	V	byttes ut
varata	V	reservere	bestille
pelätä	V	frykte
huolehtia	V	sørge for
liittoutua	V	gå sammen
allekirjoittaa	V	underskrive
rikkoa	V	slå istykker	ødelegge
tuhoutua	V	omkomme	ødelegges
valvoa	V	våke	overvåke
toivoa	V	ønske
soveltaa	V	tilpasse
vapautua	V	fritas
harrastaa	V	være interessert i	drive med
päätellä	V	konkludere med	 anta
osua	V	treffe	
käynnistää	V	få i gang
kuvailla	V	beskrive
surmata	V	drepe
murhata	V	drepe
keskustella	V	diskutere
sisältyä	V	inneholde
sattua	V	treffe	skje
astua	V	ta et skritt	trampe
perustella	V	argumentere
tutustua	V	bli kjent
pysähtyä	V	stoppe
laajeta	V	utvides
toteutua	V	gjennomføres
pidättää	V	holde igjen	hindre
soveltua	V	passe
viljellä	V	dyrke	bruke
korjata	V	reparere
torjua	V	avverge	avvise
suuntautua	V	rette seg	ta sikte på
kokoontua	V	samles
turvata	V	gjøre noe trygt
neuvotella	V	drøfte
muokata	V	bearbeide	redigere	omarbeide
taata	V	garantere
rajata	V	begrense	avgrense
varmistaa	V	sikre
näytellä	V	framvise
hävittää	V	nøytralisere
juoda	V	drikke
ennustaa	V	forutsi	spå
sekoittaa	V	blande
aikoa	V	akte å gjøre noe
tilata	V	bestille
hajottaa	V	ødelegge	spre utover
antautua	V	gi seg		gi opp	resignere
vähentyä	V	minske
yltää	V	strekke seg ut til
---- Trond
houkutella	V	tiltrekke
kaapata	V	ta	kapre
sairastua	V	bli syk
laittaa	V	sette
istua	V	sitte
keskeyttää	V	avbryte
tallentaa	V	oppbevare
luottaa	V	stole på
vastaanottaa	V	ta imot
tarkastaa	V	kontrollere
pelastaa	V	berge
paikata	V	lappe
painottaa	V	betone
kokeilla	V	prøve
yllättää	V	overraaske
naida	V	ha samleie
kapinoida	V	gjøre opprør
sitoutua	V	bli bundet	forplikte seg
lainata	V	låne bort
panna	V	sette
tuntua	V	kjennes
selviytyä	V	greie seg
herätä	V	vekke
suositella	V	anbefale
viihtyä	V	trives
rahoittaa	V	finansiere
karkottaa	V	jage bort
syttyä	V	fatne
pyöriä	V	dreie
maalata	V	male
organisoida	V	organisere
vihkiä	V	vie
rekisteröidä	V	registrere
päteä	V	gjelde
kysyä	V	spørre
kytkeä	V	binde
heikentää	V	svekke
pystyttää	V	reise opp
kuluttaa	V	forbruke
yhtyä	V	forene
soida	V	klinge
rakennuttaa	V	la bygge
haastaa	V	utfordre
ruokkia	V	fø	mate
palkita	V	belønne
kertyä	V	komme til å
lähestyä	V	nærme seg
erottua	V	skilles
tavoitella	V	prøve å nå
aiheutua	V	forårsake
kuunnella	V	lytte
lausua	V	uttale
leikata	V	skjære	operere
katkaista	V	bryte av
valittaa	V	klage
salata	V	gjømme	holde hemmelig
rauhoittaa	V	frede roe ned
keskittää	V	samle sammen	sentralisere
luulla	V	tro
kunnioittaa	V	ære	respektere
kiistellä	V	bestride
toistaa	V	repetere	gjenta
puhjeta	V	bli hullet
juontaa	V	lede
vaikeuttaa	V	vanskeliggjøre
rangaista	V	straffe
alustaa	V	få i gang
laajentua	V	utvide seg
rakastaa	V	elske
romahtaa	V	bryte sammen
juosta	V	løpe
avustaa	V	hjelpe
laskeutua	V	slippe
kaataa	V	velte
tyytyä	V	nøye seg med
taipua	V	bøye seg
siitä	V	øke
avioitua	V	gifte seg
ohittaa	V	forbigå
tanssia	V	danse
täydentää	V	utfylle
suoda	V	tillate
kirjata	V	registrere
tunkeutua	V	trengeseg på
nukkua	V	sove
juhlia	V	feire
iskeä	V	slå
huomioida	V	oppdage
kehitellä	V	fremme
ammua	V	raute
kastaa	V	døpe
haitata	V	hindre
mahtua	V	få plass
käyttäytyä	V	oppføre seg
perääntyä	V	rygge
levittäytyä	V	bre seg
kiihtyä	V	bli sint
kelvata	V	duge
sulaa	V	smelte
pysäyttää	V	stoppe
ladata	V	legge til land	lade	XXX
lähetä	V	nærme seg
metsästää	V	jage
kommentoida	V	kommentere
heijastaa	V	avspeile
muotoilla	V	utforme
tähdätä	V	sikte
toistua	V	gjenta seg
päällystää	V	dekke
kaivaa	V	grave
häiritä	V	forstyrre
leimata	V	stemple
uida	V	svømme
lämmittää	V	varme
ansaita	V	fortjene
lyhentää	V	forkorte
entistää	V	restaurere
vaeltaa	V	vandre
harjoitella	V	trene	øve
hakeutua	V	søke seg til
omata	V	gjøre til sin egen	XXX
varoittaa	V	advare
kiistää	V	benekte
eristää	V	utskille	isolere
istuttaa	V	så	plante
kontrolloida	V	kontrollere
tahtoa	V	ville
purjehtia	V	seile
alistaa	V	undertrykke
katketa	V	bryte sammen	XXX
ylentää	V	forhøye
karata	V	rømme
määräytyä	V	bestemmes
kuvitella	V	forestille seg
harkita	V	bedømme	vurdere
irrottaa	V	løse
parantua	V	bli bedre
painostaa	V	trykke	påvirke
vartioida	V	vokte
perua	V	avlyse
muotoutua	V	forme seg
heikentyä	V	bli svak
sytyttää	V	tenne på
räjäyttää	V	sprenge
kävellä	V	gå	spasere
vakuuttaa	V	styrke
jalostaa	V	foredle
erkaantua	V	falle over ende
vahingoittaa	V	skade
läpäistä	V	gjennomføre
kiinnittyä	V	bli fast
pukeutua	V	kle på seg
käskeä	V	befale
valmistautua	V	gjøre seg klar
pommittaa	V	bombe
tarttua	V	gripe
tarkkailla	V	granske
vannoa	V	sverge
muuntaa	V	endre
taitaa	V	kunne
syöttää	V	fore
ryöstää	V	røve
huomauttaa	V	gjøre oppmerksom på
heijastua	V	avspeile
aistia	V	oppdage
vuokrata	V	leie av noen
puhaltaa	V	blåse
panostaa	V	satse, lade
laskettaa	V	la renne
analysoida	V	analysere
sovittaa	V	tilpasse
tulostaa	V	printe
sairastaa	V	være syk
pysytellä	V	forbli
palautua	V	returnere
lakata	V	slutte
irrota	V	løsne
alentaa	V	senke
unohtaa	V	glemme
säästää	V	spare
säteillä	V	stråle
kuivata	V	tørke
halkoa	V	kløyve
turvautua	V	stole på
työntää	V	skyve
kuvastaa	V	avspeile
evakuoida	V	evakuere
tavoittaa	V	møte	få tak i
tarkistaa	V	kontrollere	inspisere
jäätyä	V	fryse
varastoida	V	sette på lager
adoptoida	V	adoptere
pyörittää	V	rotere
loistaa	V	lyse	glitre
kukkia	V	blomstre
varastaa	V	stjele
uhrata	V	ofre
teettää	V	la gjøre
loukkaantua	V	skade seg
kerääntyä	V	samles
opetella	V	lære
boikotoida	V	boikotte
seisoa	V	stå
munata	V	dumme seg ut
korottaa	V	løfte
imeä	V	suge
liueta	V	bli bløytt
toipua	V	komme seg
puhdistaa	V	reingjøre
pärjätä	V	greie seg
lämmetä	V	bli varm
tottua	V	bli vant
poikia	V	få unger
levätä	V	hvile
koristella	V	pynte
varautua	V	advare
kohdella	V	bearbeide
jäljitellä	V	herme	etterspore
värvätä	V	verve
vanhentua	V	bli gammel
tehostaa	V	effektivisere
piilottaa	V	gjømme
paistaa	V	skinne	steike
painottua	V	betone
luennoida	V	forelese
kätkeä	V	gjømme
elvyttää	V	gjenopplive	revitalisere
vuotaa	V	lekke
palvoa	V	tilbe
numeroida	V	nummerere
hillitä	V	stagge
hakata	V	hogge
ylistää	V	rose
velvoittaa	V	forplikte
tuulla	V	blåse
saartaa	V	omgi
kuulostaa	V	høres
eliminoida	V	eliminere
oleskella	V	oppholde seg
liikuttaa	V	røre
kustantaa	V	bekoste
hypätä	V	hoppe
ehkäistä	V	hindre
vihata	V	hate
koskettaa	V	røre
innostua	V	bli glad
päivittää	V	datere
purra	V	bite
luettaa	V	få til å lese
pakata	V	pakke
katua	V	angre
upota	V	synke
kaivata	V	savne
ääntää	V	gi lyd fra seg
neuvoa	V	råde
kiristyä	V	bli stram
vaivata	V	plage	bry
pyydystää	V	fiske
jaotella	V	dele opp
valikoida	V	velge ut
anoa	V	trygle	be
kuultaa	V	skinne
kutea	V	gyte
täyttyä	V	bli full
pestä	V	vaske
sukia	V	kjemme
rakastua	V	forelske seg
murtua	V	brekke
miettiä	V	tenke
pidentää	V	forlenge
kartoittaa	V	kartlegge
uskaltaa	V	våge
tiedostaa	V	oppdage
repiä	V	rive
ilmentää	V	vise
upottaa	V	senke
tulvia	V	bli flom
nopeuttaa	V	drive
taivuttaa	V	bøye
nojata	V	lene seg
käännyttää	V	vende om
kostaa	V	hevne
kiihdyttää	V	akselerere
lykätä	V	utsette
huolestua	V	bekymre
välttyä	V	unngå
tiedottaa	V	meddele	informere
sammua	V	slukne
rukoilla	V	be
kyllästyä	V	bli lei
---------------------------------- hit Trond
joustaa	V	følge spor
virittää	V	støtte opp
otella	V	konkurrere
kiduttaa	V	pine
sietää	V	tåle
kytkeytyä	V	knytte
eriytyä	V	skilles
edistyä	V	utvikle seg
valaa	V	skjenke
syöksyä	V	falle
louhia	V	rote opp
keskeytyä	V	bli avbrutt
johdattaa	V	vise veg
huutaa	V	rope
vertailla	V	sammenlikne
todentaa	V	bekrefte
sammuttaa	V	slukke
saarnata	V	preke
protestoida	V	protestere
kohottaa	V	løfte
karsia	V	kviste
ratsastaa	V	ri
katsella	V	se
siepata	V	gripe
puristaa	V	klype
venyä	V	strekke
runsastua	V	øke
elpyä	V	livne til
sivuta	V	røre
rikkoutua	V	bli ødelagt
kamppailla	V	hanskes
tukkia	V	demme
samota	V	vandre
karttaa	V	unngå
supistua	V	bli trang
oieta	V	rett
mainostaa	V	skryte
vaurioittaa	V	skade
poimia	V	plukke
pistää	V	stikke
nauraa	V	le
viipyä	V	bli heftet
ruveta	V	begynne
kuivua	V	tørke
koitua	V	komme til å
kehua	V	omtale
veistää	V	telje
pelkistää	V	kviste
armahtaa	V	forbarme seg
tervehtiä	V	hilse på
ruokailla	V	spise
ratketa	V	rakne
varoa	V	passe på
rikastua	V	bli rik
lämmitä	V	bli varm
totella	V	lyde
tiedustella	V	forhøre seg
leikkiä	V	støye
hukkua	V	drukne
tasoittaa	V	jamne
lunastaa	V	betale
kiristää	V	støtte opp
hengittää	V	puste
siunata	V	velsigne
pahentaa	V	svekke
kiittää	V	takke
aueta	V	åpne seg
valua	V	renne
syventää	V	fordype
painua	V	tynges ned
nostattaa	V	reise
kiivetä	V	klatre
värittää	V	fargelegge
vaimentaa	V	kvele
säestää	V	ledsage
seurustella	V	omgås
jäädyttää	V	avkjøle
väärentää	V	vri
väsyä	V	bli trøtt
pilkata	V	gjøre narr
kaventaa	V	innskrenke
hajaantua	V	gå i stykker
hahmotella	V	formulere
muuntua	V	dreie
muovata	V	utforme
laiduntaa	V	gjete
koristaa	V	dekorere
koittaa	V	gråne
kasata	V	stable
ärsyttää	V	erte
ulottaa	V	rekke
riisua	V	vikle opp
punertaa	V	løfte
näyttäytyä	V	vise seg
eristäytyä	V	skilles
viivästyä	V	bli forsinket
rasittaa	V	plage
kellua	V	flyte
hioa	V	bryne
tehota	V	virke
tajuta	V	skjønne
pukea	V	putte
myöntyä	V	innrømme
mullistaa	V	rote
jaksaa	V	orke
innostaa	V	oppmuntre
hirttää	V	henge
öljytä	V	olje
tallettaa	V	oppbevare
sulattaa	V	smelte
kuvittaa	V	illustrere
vaieta	V	tie
pahoinpidellä	V	mishandle
luhistua	V	falle
langeta	V	falle
jättäytyä	V	trekke seg
haastatella	V	intervjue
elättää	V	livberge
arpoa	V	kaste lodd
syrjiä	V	diskriminere
suolata	V	salte
puoltaa	V	forsvare
lievittää	V	lette
keittää	V	koke
huoltaa	V	sørge for
supistaa	V	innskrenke
suostutella	V	bøye
mieltyä	V	straks like
sukeltaa	V	dykke
irtaantua	V	løsne
haukkua	V	orke
tyhjentää	V	tømme
suoriutua	V	bli ferdig
sotkea	V	plaske
rappeutua	V	bli ødelagt
paisua	V	hovne
noutaa	V	hente
ihastua	V	straks like
valmentaa	V	gjøre seg klar
sijata	V	re
seurailla	V	følge
mellakoida	V	bråke
maistaa	V	smake på
lennättää	V	stryke av sted
kypsyä	V	bli ferdigkokt
riistää	V	skrifte
riistää	V	kuppe
opastaa	V	vise veg
hyödyttää	V	nytte
viiletä	V	kjølne
niellä	V	svelge
menetellä	V	oppføre seg
jarruttaa	V	bremse
vajota	V	synke
takoa	V	slå
ruiskuttaa	V	sprute
padota	V	demme
liukua	V	bevege seg
kuivattaa	V	tørke
toivottaa	V	ønske
sortaa	V	undertrykke
sivuuttaa	V	vrake
raueta	V	snu
pilata	V	ødelegge
motivoida	V	oppmuntre
keventää	V	lette
unohtua	V	glemmes
sovitella	V	mekle
pelottaa	V	skremme
kutsuttaa	V	kalle
kadottaa	V	miste
jäähtyä	V	kjølne
särkyä	V	gå i stykker
suudella	V	kline
kuulustella	V	spørre
ihmetellä	V	bli forundra
huijata	V	narre
sävyttää	V	farge av
suvaita	V	tåle
suuttua	V	bli sint
nuolla	V	slikke
nujertaa	V	undertrykke
matkustella	V	reise
kesyttää	V	temme
järjestellä	V	stelle
haljeta	V	sprekke
arvata	V	skjønne
suunnistaa	V	gripe
sinertää	V	blåne
ratkoa	V	skille
kohentaa	V	reparere
kirjoa	V	dekorere
epäröidä	V	tvile
seostaa	V	blande
raivostua	V	bli frustrert
lujittaa	V	styrke
jähmettyä	V	stivne
tasata	V	jamne
taittaa	V	knekke
sivistyä	V	lysne
selventää	V	forklare
saastuttaa	V	forurense
ojentaa	V	strekke ut
kasautua	V	påløpe
kannella	V	klage på
hämätä	V	narre
halkaista	V	kløyve
evätä	V	forby
tupakoida	V	røyke
tulkata	V	tolke
särkeä	V	knuse
romuttaa	V	ødelegge
napata	V	gripe
malttaa	V	få ro til noe
itkeä	V	gråte
huonota	V	bli svak
paikallistaa	V	lokalisere
nöyryyttää	V	senke
leipoa	V	bake brød
lastata	V	laste
laantua	V	avta
häätää	V	hysse på
huonontaa	V	svekke
estyä	V	avverge
teurastaa	V	slakte
seljetä	V	bli oppholdsvær
roikkua	V	henge
puhella	V	samtale
piiloutua	V	gjømme seg
otaksua	V	kalle
lukita	V	låse
imettää	V	die
hiihtää	V	gå på ski
vääristyä	V	vri seg
värjätä	V	farge av
valehdella	V	lyge
nojautua	V	lene
juuttua	V	bli heftet
häiriintyä	V	hemme
yöpyä	V	overnatte
tyrehtyä	V	ta slutt
turmella	V	ødelegge
pyyhkiä	V	tørke
kuihtua	V	visne
kiehua	V	koke
jännittää	V	spenne
hieroa	V	gni
eksyä	V	gå seg vill
alentua	V	resignere
yllättyä	V	bli redd
väristä	V	skjelve
suututtaa	V	gjøre sint
suosittaa	V	formane
siivota	V	gjøre reint
seistä	V	stå
päihittää	V	vinne
odotella	V	vente lenge
nukahtaa	V	sovne
kiusata	V	mobbe
kelpuuttaa	V	godta
jäljittää	V	finne spor
erittyä	V	piple
vieriä	V	dreie
savustaa	V	ryke
punnita	V	veie
polkea	V	trø
liimata	V	lime
kartuttaa	V	legge til
viiltää	V	klippe
venyttää	V	strekke
varjella	V	forsvare
vahtia	V	vokte
vaellella	V	rikle, slarke
selostaa	V	fortelle
köyhtyä	V	bli fattig
kysellä	V	intervjue
vyöryä	V	rulle
turvota	V	hovne
teeskennellä	V	late som
riidellä	V	krangle
hyppiä	V	hoppe
äännellä	V	gi lyd fra seg
voidella	V	smøre
vihjata	V	ymte om
tippua	V	dryppe
surra	V	sørge
pidellä	V	holde på noe
kuumeta	V	bli varm
kutoa	V	strikke
kivuta	V	klatre
kiirehtiä	V	skynde seg
heitellä	V	kaste
suurentaa	V	forstørre
piilotella	V	gjemme
lahjoa	V	smøre
kyteä	V	ulme
uhkailla	V	true
rasvata	V	smøre
oikaista	V	rette ut
kitua	V	pines
kehkeytyä	V	vokse
kaveta	V	bli trang
kanavoida	V	kanalisere
vilkkua	V	bevre
verhota	V	dekke
varustautua	V	gjøre seg klar
valokuvata	V	fotografere
raahata	V	dra
mukautua	V	systematisere
laueta	V	gå av
kylmetä	V	fryse
kuolettaa	V	bedøve
huonontua	V	bli svak
filmata	V	filme
vääntää	V	vri
tienata	V	tjene
sylkeä	V	spytte
rynnätä	V	fly
raiskata	V	mishandle
puida	V	vogge
potkia	V	spenne
ommella	V	lage
masentua	V	bli motløs
kostua	V	bli fuktig
hinata	V	kjøre
valottaa	V	opplyse
vaimeta	V	slukne
selvitellä	V	forklare
pyhittää	V	helligholde
potea	V	være syk
paneutua	V	fordype
meloa	V	padle
kylvää	V	så
kumartaa	V	bukke
kiiltää	V	skinne
hymyillä	V	smile nå og da
ajelehtia	V	drive
aidata	V	inngjerde
tuoksua	V	stinke
pitkittää	V	strekke
oivaltaa	V	oppdage
nielaista	V	svelge
saatella	V	skysse
pyörähtää	V	vende
potkaista	V	sparke
porata	V	bore
oksentaa	V	spy
niittää	V	slå gras
lamata	V	stoppe
kylpeä	V	bade
hukuttaa	V	miste
hukata	V	miste
vietellä	V	narre
tapella	V	stange
syövyttää	V	spise
soutaa	V	ro
pilaantua	V	bli ødelagt
myöhästyä	V	bli forsinket
heiluttaa	V	slenge
entisöidä	V	revitalisere
vitsailla	V	spøke
viehättää	V	tiltrekke
versoa	V	vise seg
sahata	V	sage
risteyttää	V	krysse
paimentaa	V	gjete
kiskoa	V	rive
kiillottaa	V	pusse
säikähtää	V	bli redd
suureta	V	bli stor
revetä	V	rakne
pestata	V	rekruttere
pehmetä	V	bli myk
paketoida	V	pakke
painia	V	bryte
kuristaa	V	kvele
haista	V	lukte
viheltää	V	plystre
silmätä	V	se litt på
lennellä	V	fly hit og dit
suistua	V	rulle
siistiä	V	gjøre reint
pyöräillä	V	sykle
paleltua	V	fryse
kuormata	V	laste
keräillä	V	plukke
juoksuttaa	V	løpe etter noe
ilahduttaa	V	gjøre noen glad
hiljetä	V	tie
aavistaa	V	ane
väsyttää	V	trøtte ut
tuijottaa	V	glane
suoristaa	V	rette ut
ruostua	V	ruste
pitkästyä	V	vantrives
peseytyä	V	vaske seg
pakastaa	V	avkjøle
naittaa	V	vie
lypsää	V	melke
livahtaa	V	forsvinne plutselig
lainehtia	V	flyte
laihtua	V	bli mager
kiiruhtaa	V	skynde seg
huuhdella	V	rope
hiipiä	V	smyge
aterioida	V	spise
sisustaa	V	fylle
repeytyä	V	revne
piinata	V	pine
lääkitä	V	behandle for sykdom
lohjeta	V	løsne
laimeta	V	svekke
viitsiä	V	orke
vihastua	V	bli rasende
valvottaa	V	vokte
uskaltautua	V	våge
tyhjentyä	V	bli tom
tunkea	V	putte
tartuttaa	V	få sykdom til å smitte
tapailla	V	inntreffe
sääliä	V	beklage
seisahtua	V	reise seg
pyyhkäistä	V	tørke
pureskella	V	tygge
priorisoida	V	prioritere
pimetä	V	bli mørkt
naureskella	V	holde på å le
lihoa	V	bli feit
liehua	V	flagre
kehrätä	V	spinne
karjua	V	brøle
hävetä	V	skamme seg
huuhtoa	V	skylle
ärtyä	V	bli gretten
vaientaa	V	hysse på
urheilla	V	drive idrett
uneksia	V	drømme
pyörtyä	V	besvime
profiloida	V	profilere
pilailla	V	spøke
ontua	V	halte
meinata	V	mene
luistella	V	gå på skøyter
lohduttaa	V	trøste
kirkua	V	skrike
hokea	V	ymte om at en vil
vaivautua	V	plages
ravita	V	fø
murskaantua	V	knuses
lasketella	V	renne
laimentaa	V	svekke
kyyditä	V	skysse
kuroa	V	snurpe sammen
kurkkia	V	kikke
kurkistaa	V	kike
kostuttaa	V	fukte
korjauttaa	V	få reparert
häipyä	V	forsvinne
anastaa	V	stjele
tekeytyä	V	late som
onkia	V	fiske
lappaa	V	hale
lannoittaa	V	gjødsle
ilahtua	V	glede seg
hirnua	V	vrinske
hikoilla	V	svette
havahtua	V	våkne
välkkyä	V	blinke
taitella	V	brette
säikäyttää	V	skremme
sujauttaa	V	putte
suhista	V	suse
oikoa	V	korrigere
mielistellä	V	tjene
kiristä	V	sprake
jutella	V	snakke sammen
ilmiantaa	V	melde til øvrigheten
hyvittää	V	kompensere
huudahtaa	V	rope plutselig
formalisoida	V	formalisere
ajella	V	kjøre stadig
ylettää	V	rekke
törröttää	V	stå oppreist
tykätä	V	like
taputtaa	V	slå med flat hånd
supista	V	surre
salamoida	V	lyne
ravistaa	V	riste
puraista	V	bite litt
paukkua	V	smelle
meluta	V	bråke
liukastua	V	gli
kiljua	V	skrike
kastua	V	bli våt
istuskella	V	holde på å sitte
häpeillä	V	skjemmes
hyräillä	V	nynne
älytä	V	ha vett til
vuolla	V	spikke
vilkaista	V	se litt på
täristä	V	skjelve
tylsistyä	V	vantrives
tuskastua	V	bli gretten
seisoskella	V	bli stående
läimäyttää	V	slå med flat hånd
kätkeytyä	V	gjømme seg
kuljeskella	V	bevege
kilistä	V	klinge
kaupitella	V	handle
kadehtia	V	misunne
juoksettua	V	tykne
istuutua	V	sette seg
inttää	V	krangle
imuroida	V	støvsuge
aukaista	V	åpne
askaroida	V	romstere med husarbeid
ajattaa	V	frakte
ympärileikata	V	omskjære
valjeta	V	lysne
vaivaantua	V	plages
uurastaa	V	ivre for
tuulettaa	V	lufte
punastua	V	rødme
palella	V	fryse
painella	V	trykke
naukua	V	mjaue
käväistä	V	stikke innom
kylvettää	V	bade
konkretisoida	V	konkretisere
kirskua	V	vrinske
kinastella	V	diskutere
yskiä	V	hoste
visertää	V	kvitre
vilkuttaa	V	vinke
varsoa	V	bære
uistella	V	dorge
tahkota	V	slipe
sylkäistä	V	spytte
silputa	V	skjære i små biter
silittää	V	stryke
rykiä	V	kremte
raataa	V	streve
puhallella	V	blåse lenge
pistellä	V	stikke
parkua	V	skrike
oksettaa	V	få til å spy
nykäistä	V	rykke til
nuotata	V	fiske med not
märehtiä	V	tygge drøv
latistaa	V	jevne
kurjistaa	V	vanskjøtte
koristautua	V	pynte seg
kiukutella	V	bli sint på hverandre
kirjoituttaa	V	la skrive
kimittää	V	vrinske
karjaista	V	brøle
juksata	V	narre
joutaa	V	ha tid til
istahtaa	V	sette seg
höpöttää	V	skravle
huitoa	V	vifte
homehtua	V	mugne
aivastaa	V	nyse
viskata	V	kaste
viisastella	V	være påståelig
silottaa	V	pusse
seisahtaa	V	stanse
savuttaa	V	ryke
raottaa	V	åpne på gløtt
raapaista	V	kapre
pyyhkiytyä	V	viske
puristella	V	klype
pröystäillä	V	skryte
pierrä	V	fjerte
nylkeä	V	slakte
nitistää	V	knuge
murehtia	V	sørge
läiskyttää	V	plaske
levitellä	V	utstrakt
levitellä	V	bre ut
koukata	V	forankre
kohista	V	suse
kipeytyä	V	bli lemster
kikattaa	V	fnise
kiehuttaa	V	få til å koke
keretä	V	bli ferdig
kalvaa	V	gnage
kalista	V	skramle
intoilla	V	ivre for
huokaista	V	sukke plutselig eller en gang
hengästyä	V	bli andpusten
absorboida	V	absorbere
ahdistaa	V	molest
aiheuttaa	V	volde
aikoa	V	akte
aktivoida	V	aktivere
alistaa	V	underkaste
alistaa	V	underlegge
alistua	V	resignere
analysoida	V	analyse
annostella	V	dosere
annostella	V	porsjonere
anoa	V	be,begäre
ansaita	V	tjene
antaa	V	avgi
antaa	V	avse
arastella	V	sjenert
aristua	V	bli øm
arpeutua	V	healing
artikuloida	V	artikulere
arvioida	V	beregne
arvioida	V	vurdere
asentaa	V	installere
asentaa	V	montere
asteittaa	V	grade
asua	V	residere
automatisoida	V	automatisere
auttaa	V	avlaste
chatata	V	nettprate
deflatoida	V	deflatere
deformoida	V	deformere
derivoida	V	derivere
dokumentoida	V	dokumentere
dominoida	V	dominere
dramatisoida	V	dramatisere
edetä	V	rykke
edustaa	V	forestå
ehkäistä	V	forebygge
epäillä	V	betvile
epäillä	V	mistenke
epäillä	V	mistenkes
erehtyä	V	tabbe
eristää	V	isolere
eristää	V	separere
erittyä	V	utsondre,trickle
erittää	V	utsondre
erota	V	separeres
erotella	V	skille
erottaa	V	differensiere
erottaa	V	oppsi
erottaa	V	skille
esijännittää	V	forspenning
esitellä	V	presentere
esittää	V	forelegge
esittää	V	fremlegge
estää	V	avverge
estää	V	forebygge
estää	V	motvirke
etsata	V	etse
flambeerata	V	flambere
haavoittaa	V	såre
hajauttaa	V	desentralisere
hakata	V	fiskeklakke
hakkeroida	V	hacke
hallita	V	beherske
hallita	V	besitte
hallita	V	kontrollere
harjoitella	V	praktisere
harkita	V	skjønn
haukkua	V	skjelle ut
hautoa	V	klekke
hedelmöittää	V	befrukte
heijastaa	V	reflektere
heilua	V	pendle
hengästyä	V	andpuste
hillitä	V	båndlegge
hillitä	V	dempe
hillitä	V	moderere
hillota	V	sylte
himmetä	V	anløpe
hinnoitella	V	prisgi
hioa	V	bryning
hioa	V	heine
hioa	V	slipe
hitsata	V	sveise
huijata	V	jukse
huolehtia	V	forsørge
huolehtia	V	sørge
huolehtia	V	ta vare på
huolehtia	V	vareta
huolestua	V	bekymre seg
huomata	V	bemerke
huomioida	V	observere
huonontaa	V	forringe
huovuttaa	V	tove
huurtua	V	bli rimbelagt
huutokaupata	V	sette til auksjon
hylätä	V	vrake
hyvittää	V	godtgjøre
hyväksyä	V	aksept
hyväksyä	V	akseptere
hyytyä	V	koagulere
hyödyntää	V	disponere
häikäistyä	V	bilvindu
häiritä	V	sjenere
häpäistä	V	nedvurdere
härnätä	V	tirre
hävetä	V	skjemmes
höylätä	V	høvle
ilmaista	V	uttrykke
ilmentää	V	manifestere
ilmoittaa	V	meddele
indusoida	V	indusere
integroida	V	integrere
ironisoida	V	ironisere
irrota	V	oppheves
irrottaa	V	løsgjøre
irtisanoa	V	avgang
irtisanoa	V	oppsi
irvistellä	V	utføre grimaser
jakaa	V	distribuere
jakaa	V	fordeler
jakaa	V	inndele
jaksottaa	V	periodisere
jatkojalostaa	V	videreforedle
jauhaa	V	kverne
jauhaa	V	male
johtaa	V	anføre
jouduttaa	V	forsere
julkaista	V	publisere
julkaista	V	utgi
juottaa	V	lodde
jyrsiä	V	frese
järjestelmällistää	V	systematisere
järjestää	V	arrangere
järjestää	V	rangere
järkeillä	V	resonnere
järkeistää	V	rasjonalisere
jäsentää	V	disponere
jättää	V	etterlate
jäädyttää	V	båndlegge
jäähdyttää	V	avkjøle
kaksoisnapsauttaa	V	dobbelklikke
kallistaa	V	fordyre
kallistua	V	bli dyrere
kaltata	V	skålde
kalustaa	V	møblere
kansoittaa	V	befolke
karkottaa	V	utvise
katsastaa	V	besiktige
katsella	V	betrakte
katsoa	V	anse
kattaa	V	avdekke
kauhistua	V	skrekk
kaulita	V	kjevle
kehoittaa	V	oppfordre
kehottaa	V	oppfordre
keskittyä	V	konsentrere
kiertää	V	dreie
kiertää	V	rotere
kiihdyttää	V	akselerere
kiilata	V	kile
kiinnittää	V	feste
kiistää	V	bestride
kirjata	V	bokføre
kirjoittaa	V	beskrive
kirjoittautua	V	innskrive
kirvellä	V	svi
kiusata	V	plages
kohdata	V	konfrontere
kohdella	V	behandle
kohdistaa	V	punktfeste
kokea	V	erfare, oppleve
komentaa	V	kommandere
kompensoida	V	kompensere
kompostoida	V	kompostere
komprimoida	V	komprimere
koneistaa	V	maskinere
koordinoida	V	koordinere
kopioida	V	kopiere
korjata	V	bøte
korjata	V	bøte på
korjata	V	korrigere
korostaa	V	aksentuere
korostaa	V	foreholde
korostaa	V	fremheve
korottaa	V	forhøye
koskea	V	gjelde
kotkata	V	klinke
kritisoida	V	kritisere
kuiskata	V	suffli
kuljettaa	V	føre
kunnioittaa	V	respektere
kuntouttaa	V	styrkes
kuoria	V	skrelle
kuormittaa	V	belaste
kuorruttaa	V	gratinere
kurittaa	V	refse
kutistua	V	krympe
kuulua	V	tilkomme
kuulua	V	underordnet
kuulua	V	vedkomme
kuvata	V	beskrive
kuvata	V	illustrere
kyllästää	V	mette
kytkeä	V	kople
kärsiä	V	behefte
kärsiä	V	fornærmes
kärsiä	V	lide
kärsiä	V	plages
käsitellä	V	behandle
käsittää	V	begripe
käynnistää	V	starte
käyttää	V	betjene
kääntyä	V	svinge
kääriä	V	vikle
ladata	V	lade
ladata	V	laste ned
laimentaa	V	spe
lainata	V	sitere
lajitella	V	sortere
laskea	V	tappe
lastoittaa	V	spjelke
leikata	V	operere
leikkiä	V	leke
leimata	V	prege
leipoa	V	bake
leivittää	V	griljere
liikkua	V	bevege
liittää	V	innlemme
lingota	V	sentrifuge
lingota	V	sentrifugere
liukua	V	gli
liukua	V	slure
loukata	V	fornærme
loukata	V	krenke
loukata	V	støte
lukea	V	deklarere
lukita	V	lokke
lunastaa	V	bli innløst
luokitella	V	klassifisere
luopua	V	avstå
luopua	V	frafalle
luopua	V	frasi
luovuttaa	V	avhende
luovuttaa	V	overgi
lähentyä	V	tilnærme
lämmittää	V	varme opp
maadoittaa	V	jorde
madaltua	V	ebbe
majoittaa	V	hyse
maksimoida	V	maksimere
marinoida	V	marinere
masentaa	V	elendig
matkia	V	simulere
maustaa	V	krydre
mehustaa	V	safte
menettää	V	tape
mennä	V	tilfalle
mitoittaa	V	dimensjonere
moittia	V	påtale
monistaa	V	mangfoldiggjøre
motivoida	V	motivere
murtaa	V	bryter
muunnella	V	modifisere
muuttaa	V	endre
muuttua	V	utvikle
myydä	V	avhende
myöntää	V	innrømme
määrittää	V	definere
määrätä	V	beskikke
määrätä	V	pålegge
naarmuttaa	V	ripe
neuvoa	V	råde
neuvotella	V	forhandle
neuvotella	V	konsultere
neuvotella	V	rådføre
nimetä	V	anta
nimittää	V	oppnevne
noeta	V	sote
normalisoida	V	normalisere
noudattaa	V	iaktta
noudattaa	V	respektere
noudattaa	V	ta til etterretning
nähdä	V	vokte
näytellä	V	spille
odottaa	V	avvente
oikaista	V	oppdatere
oikeuttaa	V	berettige
oikeuttaa	V	hjemle
olettaa	V	presumere
olla	V	utgjøre
opiskella	V	studere
osoittaa	V	påpeke
paakkuuntua	V	klumpe seg
paastota	V	faste
painostaa	V	presse
paistaa	V	steke
pakata	V	dekke
pakkolunastaa	V	ekspropriere
paljastaa	V	røpe
paljastaa	V	åpenbare
paneroida	V	panere
pantata	V	pante
peittää	V	overlappe
perehdyttää	V	orientere
periä	V	inndrive
personoida	V	personifisering
perustaa	V	etablere
perustaa	V	stifte
perustua	V	hjemle
peruuttaa	V	annullere
peruuttaa	V	avlyse
pettyä	V	skuffet
pettää	V	bedra
pidättää	V	arrestere
pienentyä	V	forminskes
piirtää	V	tegne
pilkkoa	V	hakke
pirstoa	V	splintre
pitäytyä	V	henholde seg
pohtia	V	drøfte
poiketa	V	avvike
poiketa	V	fravike
poistaa	V	avskrive
poistaa	V	fjerne
poistaa	V	utvise
pompata	V	sprette
porista	V	surre
projisoida	V	projisere
pudottaa	V	droppe
puhdistaa	V	pusse
puhdistaa	V	rense
pujotella	V	drible
pumpata	V	pumpe
puolata	V	spole
puristaa	V	presse
purkaa	V	demontere
pysäyttää	V	stanse
pyyhkiä	V	tøm
pyytää	V	anmode
pyytää	V	forlange
pyöristää	V	avrunde
pyöriä	V	trinse
pätevöityä	V	kvalifisere
päätellä	V	fastslå
päätellä	V	konkludere
päättää	V	avgjøre
päättää	V	konstituere
pölyttyä	V	å bli støvet
raapia	V	skrape
raivostua	V	rasende
rakentaa	V	anlegge
rauhoittaa	V	berolige
rauhoittaa	V	fredlyse
rauhoittua	V	beroliges
reagoida	V	reagere
rekonstruoida	V	innovere
rekrytoida	V	rekruttere
reputtaa	V	stryke
riistää	V	berøve
rikastaa	V	anrike
rikkoa	V	bryte
rikkoa	V	forbryte
rikkoa	V	forse
rikkoa	V	misligholde
rinnastaa	V	likestille
rinnastaa	V	sideordne
rinnastaa	V	sidestille
rokottaa	V	vaksinere
ruiskuttaa	V	sprøyte
runoilla	V	dikte
ruuvata	V	meisle
saavuttaa	V	oppnå
sabotoida	V	sabotere
sairastella	V	skrante
salaojittaa	V	drenere
sallia	V	tillate
sekoittaa	V	blande sammen
sekoittaa	V	røre
selostaa	V	referat
selostaa	V	referere
selvittää	V	avklare
selvittää	V	utrede
seuloa	V	sikte
seurata	V	overvære
siirtää	V	overdra
siivilöidä	V	sile
sijoittaa	V	innlegge
sinetöidä	V	forsegle
sisustaa	V	innrede
sivistää	V	sivilisere
sopia	V	avtale
sortua	V	bukke
soseuttaa	V	mose
sovittaa	V	arrangere
sterilisoida	V	sterilisere
stimuloida	V	stimulere
suoda	V	unne
suodattaa	V	filtrere
suojella	V	beskytte
suolistaa	V	sløye
suositella	V	tilrå
suurentaa	V	forstørres
suurentua	V	bli større
suurustaa	V	jevne
suuttua	V	sint
symbolisoida	V	symbolisere
syyttää	V	anklage
syyttää	V	sikte
syyttää	V	tiltale
syöksyä	V	ruse
syöttää	V	mate
säilyttää	V	bevare
säilyttää	V	forvare
säilyttää	V	oppbevare
säädellä	V	regulere
sääliä	V	synes synd i
säännöstellä	V	regulere
säästää	V	spare
säätää	V	justere
taantua	V	tilbakeføre
taittaa	V	vikke
takavarikoida	V	beslaglegge
takavarikoida	V	konfiskere
taklata	V	tackle
takoa	V	smi
tarkistaa	V	overprøve
tasapainoilla	V	balansere
tasapainottaa	V	stabilisere
tasoittua	V	bli jevnere
testamentata	V	testamentere
tiivistää	V	sparkle
todistaa	V	bevitne
todistaa	V	vitne
torjua	V	avslå
torjua	V	avverge
torjua	V	avvise
torjua	V	fortrenge
toteuttaa	V	realisere
tuikkia	V	tindre
tulostaa	V	skrive ut
tunnistaa	V	identifisere
tunnustaa	V	erkjenne
tunnustaa	V	knesette
turhautua	V	frustrere
tutkia	V	forske
tyhjentää	V	uttømme
tylsyttää	V	sløves
tyydyttää	V	tilfredsstille
työllistää	V	sysselsette
työstää	V	bearbeide
täyttyä	V	flø
tönäistä	V	dytte
uhata	V	true
uikuttaa	V	sutre
upottaa	V	forsenke
uudelleensijoittaa	V	omplassere
uurtaa	V	false
vaatia	V	begjære
vaatia	V	forlange
vaatia	V	innkreve
vaatia	V	påkreve
vahvistaa	V	bekrefte
vahvistaa	V	forsterke
vahvistaa	V	herde
vahvistaa	V	stadfeste
vahvistaa	V	vedta
vaihtaa	V	gire
vaihtaa	V	utbytte
vaimentaa	V	dempe
vainuta	V	snuse på
vaivata	V	behefte
vakauttaa	V	konsolidere
valaa	V	støpe
valaista	V	belyse
valittaa	V	beklage
valittaa	V	påklage
valmistella	V	forberede
valtuuttaa	V	bemyndige
valtuuttaa	V	delegere
valvoa	V	føre tilsyn
valvoa	V	inspisere
valvoa	V	våke over
vapauttaa	V	frifinne
vapauttaa	V	frifinnes
vapauttaa	V	løslatelse
vapautua	V	frita
varastoitua	V	lagres
varustaa	V	armering
vastata	V	kontring
vastustaa	V	gjendrive
vastustaa	V	innsige
vedota	V	påberope
velkaantua	V	bli forgjeldet
venyttää	V	tøye
vetää	V	trekke
vierittää	V	rulle, scrolle
vihjata	V	antyde
viilata	V	file
viimeistellä	V	ferdigstille
viistää	V	fase
viitoittaa	V	varde
viljellä	V	dyrke
virittää	V	trimme
vispata	V	vispe
vuokrata	V	bortfeste
vuokrata	V	bygsle bort
vähentää	V	redusere
väitellä	V	debattere
välittää	V	mekle
vältellä	V	unndra
vältellä	V	unnvike
välttää	V	unnvike
värjääntyä	V	misfarges
värähdellä	V	vibrere
väärentää	V	forfalske
yhdentää	V	integrere
yhtyä	V	tiltre
yksinkertaistaa	V	forenkle
yleistää	V	generalisere
ylipuhua	V	overtale
ylittää	V	overstige
ylläpitää	V	håndheve
ylläpitää	V	underholde
ylläpitää	V	vedlikehold
änkyttää	V	stamme
